system_ind,tag
0028000000000002ad22,Tier 3
002800000000000193da,Tier 3
0028000000000002b4d2,Tier 3
0028000000000001d81a,Tier 3
0028000000000003982a,Tier 4
00280000000000008843,Tier 4
0028000000000001047d,Tier 3
00290000000000014100,Tier 3
002d000000000001f012,Tier 4
00280000000000021e53,Tier 3
0028000000000000312b,Tier 4
0028000000000002d76f,Tier 2
0029000000000000bbd5,Tier 4
002900000000000320f3,Tier 3
0029000000000002d135,Tier 3
0029000000000000bafc,Tier 3
002800000000000357d7,Tier 4
0028000000000001aaff,Tier 1
0028000000000000762d,Tier 2
0029000000000002b88e,Tier 3
00280000000000029cca,Tier 3
00280000000000032779,Tier 3
00280000000000000146,Tier 3
00290000000000019413,Tier 3
002800000000000326b0,Tier 2
00280000000000010b79,Tier 2
002800000000000014c3,Tier 3
0028000000000001aac9,Tier 3
002900000000000217df,Tier 3
0029000000000003340d,Tier 4
0029000000000002b7d6,Tier 3
00280000000000031fc6,Tier 3
00280000000000012c2c,Tier 3
00280000000000002374,Tier 3
0029000000000001a702,Tier 3
0028000000000002e287,Tier 4
0028000000000002d07e,Tier 3
0028000000000002edef,Tier 3
00290000000000006317,Tier 3
0028000000000002091a,Tier 1
00290000000000030530,Tier 2
0029000000000002ed2d,Tier 3
00280000000000018570,Tier 3
00290000000000016a0f,Tier 3
002900000000000280a3,Tier 4
00280000000000015ecb,Tier 4
00290000000000003694,Tier 4
0028000000000000e4b2,Tier 3
0028000000000002bef3,Tier 3
00290000000000020827,Tier 3
002d0000000000028228,Tier 4
0028000000000000fd53,Tier 3
00280000000000030dd3,Tier 3
0028000000000000c735,Tier 3
00290000000000011469,Tier 3
002800000000000308de,Tier 3
0029000000000002f180,Tier 4
00280000000000000153,Tier 3
00280000000000009998,Tier 4
00280000000000023a32,Tier 3
0029000000000002d71b,Tier 4
00290000000000029113,Tier 3
00280000000000011fc7,Tier 4
00280000000000032552,Tier 3
00280000000000022d67,Tier 2
0029000000000001ab7b,Tier 3
002d0000000000027515,Tier 4
002d00000000000099af,Tier 4
00290000000000030b3f,Tier 4
00280000000000011cd8,Tier 2
0028000000000003808e,Tier 2
0029000000000002ec1f,Tier 4
0028000000000002441a,Tier 2
0028000000000000901c,Tier 2
0028000000000000d0b6,Tier 2
00280000000000037051,Tier 4
00290000000000017892,Tier 3
0028000000000000c1c1,Tier 4
00280000000000036e76,Tier 2
002d000000000001894c,Tier 4
00280000000000033d4f,Tier 3
002d000000000002bc95,Tier 4
0029000000000001d21d,Tier 4
002c0000000000016556,Tier 3
00290000000000009ca5,Tier 4
0029000000000000280b,Tier 3
002800000000000092ee,Tier 3
0029000000000002e693,Tier 3
00280000000000013759,Tier 2
00280000000000006d69,Tier 4
00290000000000013055,Tier 4
0029000000000000e4b3,Tier 2
00280000000000035c5e,Tier 3
002d000000000000da9e,Tier 3
0029000000000003598d,Tier 3
0029000000000000c7ea,Tier 4
0028000000000002c709,Tier 3
00290000000000034be0,Tier 3
00290000000000017841,Tier 3
0028000000000003a120,Tier 3
0029000000000000591d,Tier 4
00280000000000029da0,Tier 4
00290000000000017b06,Tier 4
00280000000000037913,Tier 4
002d0000000000028ef6,Tier 4
00280000000000003395,Tier 1
00280000000000012850,Tier 2
00290000000000019f83,Tier 1
0028000000000002d641,Tier 2
0028000000000001a500,Tier 2
00280000000000039862,Tier 3
00280000000000034cda,Tier 3
00280000000000013cc7,Tier 2
002800000000000174e3,Tier 4
002800000000000079f8,Tier 3
0029000000000001e024,Tier 2
0028000000000000c014,Tier 1
00280000000000023c7d,Tier 3
00290000000000019fbd,Tier 3
002900000000000083ec,Tier 2
0028000000000001b2ac,Tier 3
0029000000000002229b,Tier 3
0029000000000002f840,Tier 2
0029000000000002a66c,Tier 4
00280000000000001539,Tier 4
00280000000000011b6c,Tier 2
002900000000000125fc,Tier 2
0029000000000001c955,Tier 2
00280000000000013a90,Tier 2
00290000000000002d30,Tier 2
002800000000000271c4,Tier 2
0028000000000002d292,Tier 3
002800000000000295b6,Tier 4
0028000000000000ddbe,Tier 3
0029000000000001faa2,Tier 4
0028000000000002d534,Tier 3
0029000000000001c6b4,Tier 2
0029000000000002cddf,Tier 1
00280000000000002061,Tier 1
0028000000000000afe8,Tier 2
00280000000000015f99,Tier 2
0029000000000000b8af,Tier 2
0029000000000001ffa1,Tier 2
00280000000000005bf8,Tier 1
00280000000000009758,Tier 2
0029000000000001bccd,Tier 2
002800000000000237fc,Tier 3
0028000000000000f5ba,Tier 3
00280000000000018b67,Tier 4
00280000000000021620,Tier 3
0028000000000000a39f,Tier 2
00280000000000029627,Tier 3
00290000000000016b70,Tier 1
00280000000000017ace,Tier 4
0028000000000000c768,Tier 4
0028000000000002024d,Tier 2
0028000000000001c301,Tier 4
00280000000000037bb0,Tier 4
0028000000000002e288,Tier 4
0028000000000001b32c,Tier 2
00280000000000015502,Tier 3
00280000000000024be8,Tier 3
0028000000000001e2ab,Tier 2
00290000000000028c48,Tier 2
00290000000000021d71,Tier 2
0028000000000001e321,Tier 2
002900000000000041ca,Tier 4
002800000000000387b9,Tier 2
0029000000000001ad40,Tier 2
00280000000000018122,Tier 2
002c0000000000010007,Tier 4
0029000000000002ea77,Tier 2
0028000000000003ad1b,Tier 2
00290000000000028433,Tier 2
0029000000000000ea7c,Tier 1
0029000000000000160c,Tier 2
00290000000000028076,Tier 3
002800000000000360e5,Tier 2
0028000000000002c319,Tier 3
0028000000000002e5b5,Tier 2
0029000000000002864b,Tier 1
00280000000000001df7,Tier 2
00290000000000004649,Tier 4
00280000000000011200,Tier 2
0029000000000000660d,Tier 2
00280000000000038574,Tier 3
0028000000000000f024,Tier 2
00280000000000000698,Tier 2
0028000000000002be69,Tier 2
0028000000000001760e,Tier 3
0028000000000002a29e,Tier 2
00290000000000006095,Tier 2
0028000000000001a50e,Tier 3
00290000000000022de3,Tier 2
0028000000000001dff5,Tier 3
002900000000000080b9,Tier 4
00280000000000011c90,Tier 3
00280000000000001454,Tier 1
00280000000000012bf0,Tier 4
00280000000000008501,Tier 2
00280000000000025c13,Tier 2
0028000000000001e27d,Tier 2
0028000000000000adb8,Tier 3
00280000000000014ffa,Tier 2
002800000000000018ba,Tier 2
0028000000000000bd2e,Tier 2
00280000000000029d80,Tier 2
002900000000000214e2,Tier 2
002800000000000145bb,Tier 4
0029000000000000f9f7,Tier 1
0028000000000000b343,Tier 3
002800000000000181ad,Tier 2
00290000000000026b12,Tier 2
0028000000000000c9ca,Tier 3
0029000000000000d2d6,Tier 4
0029000000000001d44c,Tier 2
002d0000000000010785,Tier 4
00280000000000002d3e,Tier 2
0028000000000000d686,Tier 2
00290000000000000f64,Tier 2
00280000000000029eb2,Tier 2
0029000000000000a86e,Tier 2
0028000000000002c3a5,Tier 2
0029000000000002dbae,Tier 2
00290000000000026c32,Tier 1
00280000000000032ab1,Tier 3
00280000000000018d7a,Tier 3
00280000000000016a74,Tier 3
00290000000000029a77,Tier 2
00280000000000007c8d,Tier 4
00280000000000035826,Tier 3
002800000000000199a5,Tier 3
00280000000000035dd3,Tier 1
00280000000000015791,Tier 2
002800000000000109c7,Tier 2
00280000000000030858,Tier 2
002800000000000026c0,Tier 3
00280000000000034fe1,Tier 1
002c00000000000114ec,Tier 3
0028000000000002079c,Tier 3
0029000000000001393c,Tier 2
002900000000000314af,Tier 2
002800000000000302ac,Tier 2
0028000000000000cf9e,Tier 4
002900000000000119d5,Tier 2
0028000000000001092f,Tier 3
0028000000000002bbfd,Tier 1
002800000000000374ab,Tier 3
0028000000000001451a,Tier 1
00280000000000030bc5,Tier 4
0029000000000000a5e6,Tier 4
0028000000000000732d,Tier 2
0028000000000001131e,Tier 2
00290000000000028da5,Tier 3
00280000000000028f60,Tier 2
0028000000000001765e,Tier 3
0028000000000001052d,Tier 2
00290000000000031664,Tier 4
00280000000000004af7,Tier 4
00280000000000019d16,Tier 4
00290000000000029225,Tier 3
0029000000000001ffab,Tier 3
00290000000000035817,Tier 2
00280000000000010f20,Tier 2
00280000000000024940,Tier 2
00280000000000010a6d,Tier 1
0028000000000002b3b2,Tier 2
00280000000000011e87,Tier 3
00280000000000035b75,Tier 3
0029000000000001ef70,Tier 3
002900000000000319d8,Tier 2
002800000000000381d4,Tier 4
0029000000000001f0f1,Tier 2
002c00000000000253f1,Tier 3
002900000000000299f7,Tier 3
00280000000000009c6d,Tier 3
0029000000000001f6c3,Tier 3
002900000000000075c3,Tier 1
00280000000000038b07,Tier 3
0028000000000001fae6,Tier 1
00280000000000025f7f,Tier 4
0028000000000000a55d,Tier 3
0029000000000002b95c,Tier 2
0029000000000000c66f,Tier 3
00280000000000009967,Tier 2
00280000000000030706,Tier 2
00280000000000006b10,Tier 2
0028000000000000a651,Tier 2
00280000000000001e1f,Tier 3
0029000000000001ffa8,Tier 2
00280000000000024f84,Tier 2
00280000000000038fb2,Tier 3
0029000000000000b7a4,Tier 2
00290000000000008d47,Tier 4
002800000000000319e1,Tier 2
0028000000000000cdd3,Tier 3
0028000000000000cfe9,Tier 3
00280000000000029954,Tier 2
00290000000000010aed,Tier 3
0029000000000000b3ed,Tier 2
0029000000000002a8a6,Tier 2
00280000000000032bce,Tier 1
00280000000000034199,Tier 3
0029000000000002cdbd,Tier 1
0028000000000002ee5a,Tier 3
00280000000000014fb7,Tier 1
0029000000000002b038,Tier 1
0028000000000001a10f,Tier 3
0028000000000000257c,Tier 1
0029000000000002328d,Tier 4
0028000000000001069f,Tier 4
0028000000000002863a,Tier 2
002900000000000034df,Tier 2
0028000000000000fcd4,Tier 3
002900000000000088df,Tier 2
00290000000000035c7a,Tier 4
002900000000000294f0,Tier 2
0029000000000002ae3f,Tier 2
0029000000000000f7b3,Tier 2
00290000000000013439,Tier 3
0028000000000001d586,Tier 2
00290000000000025d1f,Tier 3
002900000000000100c3,Tier 3
0028000000000002d0ee,Tier 3
00290000000000004b00,Tier 4
00280000000000027bb6,Tier 2
002900000000000043ed,Tier 2
002800000000000300da,Tier 2
00280000000000031ab8,Tier 3
0028000000000002e03b,Tier 2
00280000000000010c97,Tier 2
002800000000000115d6,Tier 2
002800000000000127f5,Tier 2
0029000000000002b394,Tier 3
0029000000000002636e,Tier 2
0029000000000002ad80,Tier 4
002d0000000000020497,Tier 4
0028000000000000bac6,Tier 3
0029000000000000bd69,Tier 2
002800000000000024f9,Tier 2
00290000000000019883,Tier 3
00280000000000037d28,Tier 4
0028000000000000a5e5,Tier 3
00290000000000022b0f,Tier 3
00290000000000001e89,Tier 3
0028000000000002cefd,Tier 2
0028000000000002ac79,Tier 3
0028000000000002d6a4,Tier 3
002900000000000120d1,Tier 3
00280000000000033a0d,Tier 2
0028000000000000ca29,Tier 3
00290000000000026a1a,Tier 3
00290000000000006d50,Tier 4
0028000000000001bcc1,Tier 3
002900000000000100e2,Tier 3
00280000000000008dbb,Tier 3
0029000000000000963f,Tier 3
00280000000000002cf7,Tier 3
0028000000000000313c,Tier 3
0029000000000000b87d,Tier 3
00280000000000020394,Tier 3
0028000000000000739b,Tier 3
00280000000000021a05,Tier 3
002800000000000116ff,Tier 4
002900000000000010e9,Tier 4
0029000000000000569e,Tier 3
002d000000000000bf9f,Tier 4
0028000000000003817c,Tier 2
0028000000000003246e,Tier 3
0028000000000000b246,Tier 3
0029000000000002dad6,Tier 3
00290000000000022e47,Tier 3
00280000000000018d72,Tier 3
00290000000000003980,Tier 3
00280000000000038a00,Tier 3
0028000000000001cd72,Tier 2
00280000000000033a6d,Tier 4
002800000000000306af,Tier 3
0029000000000001def7,Tier 3
002c0000000000029261,Tier 4
00280000000000039aeb,Tier 3
0028000000000000c563,Tier 3
0028000000000003712d,Tier 4
00280000000000011927,Tier 3
002900000000000061c9,Tier 4
0028000000000003992a,Tier 3
0028000000000000965b,Tier 3
002c000000000000ca8b,Tier 3
00280000000000009e1b,Tier 3
00290000000000007ec4,Tier 3
0029000000000000573a,Tier 3
0029000000000000d066,Tier 4
00280000000000007df8,Tier 3
0029000000000002188a,Tier 3
0028000000000001bebc,Tier 4
0029000000000001072f,Tier 2
00280000000000034d46,Tier 3
00290000000000012626,Tier 2
0029000000000001c2fd,Tier 4
00280000000000011956,Tier 3
002900000000000177d7,Tier 2
0029000000000002ff12,Tier 3
002800000000000062dc,Tier 3
00290000000000012a2a,Tier 4
00290000000000019348,Tier 2
002c00000000000089c2,Tier 2
00290000000000026318,Tier 2
0029000000000001341f,Tier 2
00290000000000024e68,Tier 4
00280000000000035365,Tier 3
00280000000000023ae9,Tier 4
002d000000000002c5f9,Tier 4
00280000000000039f33,Tier 3
00280000000000031925,Tier 3
0029000000000002a67d,Tier 4
002c0000000000028350,Tier 3
00290000000000034930,Tier 3
0028000000000001b24c,Tier 3
0028000000000001b57e,Tier 2
0028000000000002d6dc,Tier 3
00280000000000031565,Tier 4
0029000000000002a5a3,Tier 3
002800000000000358b5,Tier 3
00290000000000034ada,Tier 4
0029000000000001d4b9,Tier 4
0029000000000000c636,Tier 4
0028000000000002f9ad,Tier 2
00290000000000011cb5,Tier 2
00280000000000023dd0,Tier 4
0028000000000003491d,Tier 3
002900000000000153c3,Tier 3
0029000000000001bb7a,Tier 3
00280000000000007fc6,Tier 3
00280000000000001516,Tier 3
00280000000000015001,Tier 3
00290000000000005090,Tier 3
0028000000000000a719,Tier 3
00290000000000023999,Tier 3
00280000000000009d7e,Tier 3
0028000000000000a6da,Tier 3
002c0000000000010f45,Tier 2
00290000000000012780,Tier 3
00280000000000032394,Tier 3
002900000000000354de,Tier 3
00280000000000005356,Tier 2
00280000000000014763,Tier 2
002800000000000073cf,Tier 4
00280000000000032eaf,Tier 3
00280000000000026979,Tier 4
0028000000000003817b,Tier 3
0029000000000001134a,Tier 4
00290000000000019d5a,Tier 4
00280000000000013e2a,Tier 4
0028000000000001121e,Tier 4
002800000000000191e2,Tier 2
00280000000000016482,Tier 4
00280000000000034e83,Tier 3
0028000000000001c374,Tier 3
00280000000000028a44,Tier 3
0028000000000000fe89,Tier 3
00280000000000014265,Tier 4
0028000000000001ea37,Tier 4
0028000000000000369a,Tier 4
00280000000000033e62,Tier 3
00290000000000006948,Tier 3
0028000000000000a909,Tier 3
00280000000000022016,Tier 3
0028000000000002f224,Tier 3
00290000000000034a9e,Tier 4
002800000000000011e5,Tier 2
002c000000000001f7c7,Tier 3
00280000000000018c3e,Tier 3
0028000000000001b1e8,Tier 2
002900000000000057b8,Tier 2
00290000000000034c06,Tier 4
0028000000000000d704,Tier 3
002800000000000005f9,Tier 2
0028000000000003ae98,Tier 3
0028000000000001baee,Tier 3
0028000000000001259e,Tier 3
002800000000000301d2,Tier 3
002c0000000000018332,Tier 2
002800000000000399be,Tier 3
002c00000000000198da,Tier 4
0028000000000001b2ba,Tier 2
00280000000000033b5b,Tier 3
002d0000000000015cb0,Tier 4
00290000000000004ff1,Tier 3
0028000000000001c6a6,Tier 3
0028000000000002334a,Tier 2
0028000000000000d671,Tier 2
00290000000000026207,Tier 3
002d000000000001b308,Tier 4
0028000000000001d5ef,Tier 3
0029000000000002a57b,Tier 3
00280000000000026ce6,Tier 4
00280000000000037a40,Tier 3
002900000000000077f9,Tier 3
00280000000000018c82,Tier 1
002800000000000185c3,Tier 4
0029000000000000e911,Tier 4
00280000000000027b43,Tier 2
0029000000000000b03b,Tier 3
00280000000000030784,Tier 3
0029000000000002c898,Tier 3
002c0000000000007948,Tier 2
0028000000000000bd6a,Tier 4
0028000000000002c564,Tier 3
002800000000000203ca,Tier 3
00280000000000017048,Tier 4
00280000000000036865,Tier 2
0028000000000001556a,Tier 2
002d000000000001ca00,Tier 4
00280000000000039912,Tier 3
0029000000000002fb0c,Tier 4
0028000000000000134e,Tier 2
00280000000000015b8d,Tier 2
0028000000000000c153,Tier 3
0028000000000000ea96,Tier 3
002800000000000230cc,Tier 3
0029000000000001f6ba,Tier 3
00280000000000039afd,Tier 3
00280000000000037dd0,Tier 1
0028000000000000d748,Tier 3
0028000000000000141c,Tier 3
002c000000000002baba,Tier 4
00280000000000037c53,Tier 3
0029000000000003113f,Tier 3
00290000000000005cdd,Tier 3
0028000000000001b7c5,Tier 3
0028000000000000584d,Tier 3
00290000000000033749,Tier 3
00280000000000000ed5,Tier 3
0029000000000000ee3f,Tier 4
0028000000000000f7ff,Tier 3
00290000000000032fd3,Tier 2
00290000000000019750,Tier 2
002900000000000026f8,Tier 4
00280000000000039a91,Tier 4
00290000000000034b7e,Tier 4
00280000000000014f6d,Tier 3
00280000000000011a9b,Tier 3
0029000000000002a0b3,Tier 3
0028000000000002671d,Tier 3
0029000000000001e943,Tier 3
00280000000000005477,Tier 3
00290000000000023115,Tier 3
00280000000000003976,Tier 2
00280000000000031aba,Tier 4
002800000000000096e8,Tier 2
0028000000000001e7c4,Tier 2
0028000000000000056f,Tier 3
0028000000000002b835,Tier 3
00280000000000036cee,Tier 3
002800000000000395a7,Tier 3
0028000000000001df76,Tier 3
00280000000000002cd9,Tier 2
00290000000000033ba3,Tier 3
0029000000000001730f,Tier 4
00290000000000015ff2,Tier 2
0029000000000002d423,Tier 4
00290000000000002a91,Tier 3
00280000000000014610,Tier 2
002c0000000000015d4c,Tier 4
00290000000000022786,Tier 3
0028000000000001ece0,Tier 2
00290000000000017191,Tier 3
002900000000000050b7,Tier 4
002800000000000291f6,Tier 2
00290000000000033b5b,Tier 3
00290000000000011e71,Tier 4
002800000000000000dc,Tier 2
002800000000000040e4,Tier 3
0029000000000001a703,Tier 3
0028000000000000d747,Tier 3
0029000000000002f738,Tier 4
0029000000000000710e,Tier 3
0029000000000002547f,Tier 4
0028000000000002f88c,Tier 3
00290000000000024a0b,Tier 3
002800000000000003c5,Tier 4
00280000000000035b35,Tier 4
0028000000000001d156,Tier 3
0028000000000000bce1,Tier 4
0028000000000000d675,Tier 2
00290000000000026206,Tier 3
002d0000000000008426,Tier 4
002900000000000023e8,Tier 3
00290000000000003c32,Tier 3
00280000000000030e78,Tier 4
002c000000000000b3a1,Tier 3
00290000000000017898,Tier 4
00290000000000031fa6,Tier 3
00290000000000014614,Tier 3
00280000000000034ab7,Tier 3
002900000000000223ac,Tier 2
0028000000000000e930,Tier 4
00280000000000022c8a,Tier 4
00290000000000002f27,Tier 3
00290000000000005840,Tier 4
0028000000000000b71a,Tier 3
0029000000000000b0eb,Tier 2
00280000000000001931,Tier 2
00280000000000001691,Tier 3
00280000000000028405,Tier 2
0028000000000001b5c9,Tier 2
0028000000000002f528,Tier 2
0028000000000003688d,Tier 2
002800000000000189f1,Tier 2
002c00000000000297d9,Tier 3
0029000000000001c450,Tier 3
0028000000000002c124,Tier 3
00290000000000021c1e,Tier 3
0029000000000001d08b,Tier 4
00280000000000000ee7,Tier 4
0028000000000000d373,Tier 2
00280000000000017333,Tier 3
002900000000000356f4,Tier 3
0028000000000000fe70,Tier 3
0028000000000000b8ec,Tier 3
00280000000000020209,Tier 4
00290000000000024d0a,Tier 3
0029000000000002d059,Tier 3
002900000000000330fb,Tier 4
0029000000000000fe71,Tier 3
0029000000000002e094,Tier 3
002d0000000000029729,Tier 4
00290000000000027db5,Tier 3
00280000000000002c32,Tier 3
0028000000000001f9f4,Tier 3
00280000000000030d7c,Tier 3
00280000000000012df3,Tier 3
0028000000000001941d,Tier 2
0028000000000000ee95,Tier 3
0028000000000001f035,Tier 2
00280000000000017d94,Tier 2
00290000000000030460,Tier 4
00280000000000005b1e,Tier 3
002c000000000003119a,Tier 2
00280000000000002245,Tier 2
0029000000000000cd7f,Tier 4
0028000000000002032e,Tier 4
0029000000000003134e,Tier 4
00290000000000008c39,Tier 3
00290000000000017503,Tier 2
00290000000000028fa4,Tier 2
002800000000000034cb,Tier 3
00290000000000018b16,Tier 3
002900000000000058cf,Tier 3
002c0000000000024ae7,Tier 4
00290000000000007d7b,Tier 2
0028000000000002790b,Tier 2
00290000000000029dda,Tier 3
00280000000000001423,Tier 3
00290000000000004f72,Tier 4
0029000000000000e236,Tier 3
00280000000000002ad6,Tier 3
002900000000000219a1,Tier 3
002c0000000000025050,Tier 3
00280000000000005041,Tier 3
00290000000000011f3d,Tier 3
00290000000000001333,Tier 3
00280000000000008dd3,Tier 3
0029000000000002f4a0,Tier 2
002800000000000396fe,Tier 2
002c00000000000045ed,Tier 4
00280000000000011582,Tier 3
00290000000000020e9a,Tier 3
002800000000000330d8,Tier 3
0028000000000001c95c,Tier 3
002900000000000041d5,Tier 3
00280000000000010f77,Tier 3
00280000000000032416,Tier 3
0028000000000002202b,Tier 3
00280000000000005f8c,Tier 3
0028000000000000b90e,Tier 3
0028000000000003813d,Tier 3
002900000000000124e4,Tier 3
002800000000000113f4,Tier 3
002900000000000219bd,Tier 3
0029000000000001843a,Tier 3
00290000000000018f94,Tier 3
00290000000000000b5c,Tier 3
00280000000000006e71,Tier 3
0028000000000002de7f,Tier 4
00290000000000025146,Tier 2
002800000000000209b3,Tier 3
0029000000000001bd55,Tier 3
0029000000000001da28,Tier 4
00280000000000015485,Tier 4
00280000000000011f71,Tier 2
00280000000000032c94,Tier 3
0028000000000001afde,Tier 3
0028000000000003ab67,Tier 4
0028000000000003ad03,Tier 3
0029000000000002e024,Tier 2
00280000000000037ddd,Tier 3
00280000000000007c6c,Tier 3
0028000000000000b476,Tier 4
00290000000000020b34,Tier 3
00280000000000035cd9,Tier 3
00280000000000011289,Tier 2
00280000000000009ef7,Tier 3
0028000000000002c2c6,Tier 3
00280000000000032bae,Tier 3
0028000000000001ca1e,Tier 3
0028000000000001b652,Tier 3
002800000000000328a9,Tier 2
00280000000000024265,Tier 4
00280000000000009c92,Tier 2
002800000000000124fb,Tier 2
002d000000000001f231,Tier 4
002c0000000000009070,Tier 4
00290000000000002acb,Tier 3
00280000000000036069,Tier 3
00290000000000030df5,Tier 3
00280000000000035336,Tier 3
0028000000000000eb39,Tier 3
002900000000000236fe,Tier 4
0029000000000001d5a3,Tier 2
002c000000000002d534,Tier 3
00290000000000005e94,Tier 3
0029000000000000a416,Tier 3
0028000000000000ccc1,Tier 3
0028000000000000705a,Tier 3
00290000000000031bb7,Tier 3
0029000000000003360f,Tier 2
00280000000000023826,Tier 2
002900000000000290fa,Tier 3
00280000000000024961,Tier 3
002800000000000373b6,Tier 3
00280000000000001770,Tier 3
0029000000000002e517,Tier 3
00280000000000023462,Tier 2
0029000000000001e039,Tier 3
00290000000000001664,Tier 3
002900000000000022db,Tier 4
00280000000000035933,Tier 3
00290000000000028061,Tier 3
0029000000000002422f,Tier 3
0028000000000002a247,Tier 4
00280000000000025854,Tier 3
002900000000000113d4,Tier 3
0028000000000000cbeb,Tier 4
00280000000000034939,Tier 2
00280000000000018672,Tier 3
0028000000000000b621,Tier 2
00280000000000010290,Tier 4
00290000000000012d8a,Tier 4
00290000000000019eb5,Tier 3
00280000000000039128,Tier 3
002800000000000026b5,Tier 2
002d0000000000017f5b,Tier 4
00290000000000018bbf,Tier 4
00290000000000031085,Tier 4
00280000000000030218,Tier 2
00280000000000006649,Tier 2
002c000000000000b3b8,Tier 4
0028000000000000685c,Tier 2
0028000000000003a2e2,Tier 2
0029000000000001dc89,Tier 3
0029000000000000406d,Tier 4
0029000000000001b43b,Tier 3
002800000000000224e6,Tier 3
002800000000000203e7,Tier 3
002d000000000002a35b,Tier 4
00280000000000012f00,Tier 3
00290000000000030e5a,Tier 3
0029000000000001c61c,Tier 4
00280000000000008296,Tier 4
0029000000000002df2e,Tier 3
002c000000000001ce34,Tier 3
00280000000000006a3d,Tier 4
0029000000000002c651,Tier 2
002800000000000155f8,Tier 3
00290000000000010a71,Tier 3
0028000000000003027f,Tier 3
002800000000000085f5,Tier 3
00290000000000011f93,Tier 3
0028000000000000746d,Tier 2
002800000000000173f5,Tier 4
00280000000000032dcd,Tier 2
0029000000000002314a,Tier 3
002800000000000233b1,Tier 4
0029000000000000661f,Tier 4
00290000000000030f59,Tier 4
0029000000000002a6e9,Tier 4
0029000000000002d9dc,Tier 3
00290000000000007c27,Tier 3
0028000000000003112a,Tier 2
0028000000000002dd37,Tier 2
002800000000000074ab,Tier 3
00280000000000030ec9,Tier 3
00280000000000029923,Tier 2
0028000000000000f405,Tier 3
00290000000000019355,Tier 3
0028000000000000eb7e,Tier 3
002900000000000226d2,Tier 4
00280000000000031fb0,Tier 3
00290000000000010d20,Tier 4
00280000000000036f37,Tier 3
00290000000000028fb1,Tier 4
002800000000000135b3,Tier 2
00280000000000026a1e,Tier 3
0028000000000000d485,Tier 2
0028000000000000fc8f,Tier 3
002c00000000000065d7,Tier 3
00290000000000029d36,Tier 3
002d000000000000efab,Tier 4
0029000000000000416b,Tier 4
0028000000000001ea1b,Tier 3
0028000000000000cde8,Tier 3
00280000000000007c83,Tier 4
0028000000000000e513,Tier 4
00280000000000019111,Tier 2
002900000000000125fe,Tier 3
00280000000000012279,Tier 4
0029000000000002e354,Tier 3
0028000000000001cd65,Tier 3
00280000000000021083,Tier 3
0028000000000001a81a,Tier 2
0028000000000000b3f3,Tier 3
0028000000000000b9e6,Tier 3
0029000000000002d5d8,Tier 4
002800000000000328ae,Tier 3
00290000000000009349,Tier 4
00280000000000038a95,Tier 2
0029000000000001960b,Tier 3
00280000000000010c78,Tier 3
0029000000000001f031,Tier 3
0029000000000002fde4,Tier 3
002c0000000000016a55,Tier 3
002800000000000308e6,Tier 3
00280000000000034b9e,Tier 3
00280000000000033168,Tier 3
0028000000000002bfbc,Tier 4
0029000000000000b695,Tier 3
00290000000000007c3d,Tier 3
00290000000000018341,Tier 3
002900000000000014ef,Tier 4
00290000000000025a5b,Tier 4
00280000000000013b13,Tier 2
00280000000000022a9b,Tier 2
00290000000000029654,Tier 3
002900000000000240b2,Tier 3
0029000000000002436e,Tier 3
0028000000000002d7e0,Tier 3
00290000000000025646,Tier 4
002900000000000011a9,Tier 4
002d000000000001d606,Tier 4
002c00000000000097c1,Tier 3
00280000000000020d54,Tier 3
00280000000000012119,Tier 4
0028000000000000cbe4,Tier 3
00280000000000039125,Tier 4
00290000000000005af5,Tier 3
002d0000000000027e21,Tier 4
002800000000000275e8,Tier 3
002800000000000112c3,Tier 3
0028000000000002614b,Tier 3
0028000000000001aa59,Tier 2
002c00000000000231fd,Tier 3
0029000000000000437a,Tier 3
00290000000000023b50,Tier 4
002d0000000000014aa5,Tier 4
0028000000000002bb24,Tier 2
0028000000000000ce65,Tier 3
00280000000000037b3f,Tier 3
00280000000000020e96,Tier 2
00290000000000028d9e,Tier 3
0029000000000002723f,Tier 4
002900000000000113e9,Tier 4
0028000000000001ba11,Tier 2
002800000000000151bf,Tier 3
002900000000000252f9,Tier 3
00290000000000024d2e,Tier 2
0028000000000001cd18,Tier 3
0028000000000000a82c,Tier 4
002c0000000000017bd3,Tier 4
002900000000000160f0,Tier 3
0029000000000001aab5,Tier 4
0028000000000000face,Tier 4
0028000000000000076b,Tier 3
002900000000000259f7,Tier 3
00280000000000033f10,Tier 2
002d000000000002ac46,Tier 4
002900000000000264ec,Tier 2
002800000000000223ff,Tier 3
002800000000000007c6,Tier 2
0028000000000000f1af,Tier 2
00290000000000030b63,Tier 3
0028000000000000706b,Tier 3
0028000000000000d76a,Tier 3
0028000000000003aee9,Tier 3
0028000000000002c6fd,Tier 4
00290000000000019814,Tier 3
0029000000000002df69,Tier 3
00290000000000004856,Tier 3
00280000000000021384,Tier 3
00290000000000027164,Tier 3
00290000000000033266,Tier 3
00280000000000011bca,Tier 3
00290000000000001753,Tier 2
0028000000000000d757,Tier 2
00280000000000008843,Tier 4
00280000000000008a4d,Tier 3
00280000000000013cfd,Tier 4
0028000000000001408d,Tier 4
00280000000000014265,Tier 4
0028000000000001440d,Tier 3
00280000000000009bca,Tier 3
0028000000000001f579,Tier 1
00280000000000009c1f,Tier 3
00280000000000009c2f,Tier 3
0028000000000001f58c,Tier 2
00280000000000009c8f,Tier 4
0028000000000000c70d,Tier 3
0028000000000000c711,Tier 2
00280000000000021377,Tier 3
00280000000000021384,Tier 3
002800000000000213a0,Tier 3
0028000000000001d64d,Tier 3
0028000000000003895b,Tier 3
0028000000000003896b,Tier 4
00280000000000038970,Tier 3
0028000000000002a502,Tier 3
00280000000000005c9f,Tier 2
00280000000000035bfe,Tier 3
00280000000000035c09,Tier 3
00280000000000035c0d,Tier 3
0028000000000001b6b4,Tier 2
00280000000000035c69,Tier 4
002800000000000001bc,Tier 3
002800000000000001fc,Tier 3
00280000000000000239,Tier 3
00280000000000026562,Tier 4
00280000000000026565,Tier 3
0028000000000002854d,Tier 3
00280000000000002f01,Tier 3
00280000000000002f36,Tier 3
00280000000000002f40,Tier 4
00280000000000002f44,Tier 4
002800000000000285bf,Tier 3
00280000000000032ef7,Tier 3
00280000000000032f24,Tier 2
00280000000000019718,Tier 3
00280000000000032f45,Tier 3
0028000000000001974e,Tier 3
00280000000000032fb6,Tier 4
002800000000000110ae,Tier 3
002800000000000110e4,Tier 3
00280000000000011131,Tier 3
0028000000000001114c,Tier 3
0028000000000000e513,Tier 4
0028000000000000e518,Tier 4
002800000000000227f2,Tier 4
0028000000000000e549,Tier 3
0028000000000000e574,Tier 4
0028000000000000e58e,Tier 3
002800000000000178ab,Tier 3
002800000000000178d4,Tier 3
002800000000000303ea,Tier 4
00280000000000030405,Tier 3
0028000000000003040b,Tier 3
0028000000000000b7c9,Tier 3
0028000000000000b7cd,Tier 4
0028000000000000b7e4,Tier 3
0028000000000002094b,Tier 3
0028000000000000b81d,Tier 4
0028000000000000b834,Tier 4
0028000000000000777a,Tier 4
0028000000000000778e,Tier 4
0028000000000002b7e1,Tier 2
0028000000000002b85d,Tier 4
0028000000000002d55d,Tier 3
0028000000000002d571,Tier 3
0028000000000002d5d7,Tier 3
0028000000000002d5f8,Tier 4
0028000000000002d61f,Tier 3
0028000000000001e930,Tier 2
0028000000000003a3f2,Tier 3
0028000000000003a470,Tier 2
0028000000000001e9a4,Tier 2
0028000000000003a486,Tier 3
0028000000000003a4bd,Tier 4
00280000000000004aad,Tier 4
00280000000000029923,Tier 3
00280000000000004af0,Tier 3
00280000000000029941,Tier 4
00280000000000001d6e,Tier 2
00280000000000001d97,Tier 3
002800000000000278d6,Tier 2
00280000000000001dfd,Tier 4
0028000000000002790e,Tier 3
00280000000000001e3c,Tier 3
00280000000000001e46,Tier 3
00280000000000034c25,Tier 3
0028000000000001ab60,Tier 2
0028000000000001ab64,Tier 2
00280000000000034c45,Tier 3
00280000000000034c4f,Tier 4
00280000000000034c78,Tier 3
0028000000000001ab7f,Tier 2
00280000000000034ca6,Tier 3
00280000000000037773,Tier 3
002800000000000377b2,Tier 3
002800000000000377b5,Tier 3
002800000000000377ed,Tier 3
002800000000000377ee,Tier 3
00280000000000025a9f,Tier 3
00280000000000012e95,Tier 3
00280000000000012e9f,Tier 2
00280000000000012eab,Tier 4
00280000000000025abe,Tier 3
00280000000000025ae1,Tier 4
00280000000000018bc3,Tier 2
00280000000000031ec5,Tier 3
00280000000000031edc,Tier 2
00280000000000031efb,Tier 2
00280000000000031f0f,Tier 3
00280000000000023aed,Tier 4
00280000000000010191,Tier 3
002800000000000101d6,Tier 3
002800000000000101db,Tier 3
002800000000000101de,Tier 3
00280000000000023b53,Tier 3
002800000000000101e7,Tier 4
00280000000000010204,Tier 2
0028000000000002f210,Tier 2
0028000000000002f251,Tier 1
00280000000000016c82,Tier 4
0028000000000002f299,Tier 3
00280000000000021b8d,Tier 4
00280000000000021ba2,Tier 4
0028000000000000d373,Tier 2
00280000000000021be1,Tier 4
0028000000000000d3b5,Tier 3
0028000000000000d3b9,Tier 3
0028000000000002c43c,Tier 3
00280000000000014c73,Tier 3
0028000000000002c463,Tier 3
0028000000000002c468,Tier 3
0028000000000000a626,Tier 4
0028000000000001fcbb,Tier 4
0028000000000000a687,Tier 2
0028000000000000a68b,Tier 3
0028000000000000a6cf,Tier 3
0028000000000000a6ea,Tier 3
00280000000000003bf2,Tier 4
00280000000000028e9d,Tier 4
00280000000000003c00,Tier 2
00280000000000028eb0,Tier 4
0028000000000001de5d,Tier 3
0028000000000001de5f,Tier 3
00280000000000039433,Tier 4
00280000000000039460,Tier 3
00280000000000039488,Tier 3
002800000000000394a8,Tier 3
00280000000000000e84,Tier 2
00280000000000000ebd,Tier 2
00280000000000000f03,Tier 3
00280000000000026ea6,Tier 3
00280000000000000f18,Tier 4
002800000000000367bb,Tier 2
00280000000000033acb,Tier 3
00280000000000019ef8,Tier 3
00280000000000019f0c,Tier 3
00280000000000019f1f,Tier 3
00280000000000024e3e,Tier 3
00280000000000011d97,Tier 3
00280000000000011da0,Tier 3
00280000000000024e79,Tier 3
00280000000000015fe4,Tier 3
0028000000000002e044,Tier 3
00280000000000030d4a,Tier 3
00280000000000017f73,Tier 4
00280000000000022eeb,Tier 3
0028000000000000efc3,Tier 3
0028000000000000f01f,Tier 3
0028000000000002c0a9,Tier 3
0028000000000002c0b8,Tier 4
00280000000000008424,Tier 3
0028000000000000842b,Tier 4
0028000000000000842d,Tier 4
00280000000000008454,Tier 4
0028000000000000845e,Tier 2
0028000000000002c0df,Tier 2
0028000000000000c39a,Tier 4
002800000000000210fb,Tier 2
0028000000000002110d,Tier 4
0028000000000001d1c0,Tier 2
002800000000000095fb,Tier 3
0028000000000000962a,Tier 2
00280000000000009676,Tier 4
0028000000000002a204,Tier 3
002800000000000057a8,Tier 3
002800000000000057b1,Tier 3
002800000000000057dc,Tier 3
0028000000000001b2d5,Tier 3
002800000000000356b3,Tier 3
00280000000000028182,Tier 3
002800000000000029c8,Tier 3
0028000000000002819e,Tier 3
00280000000000002a3a,Tier 3
0028000000000003292f,Tier 3
002800000000000192bd,Tier 3
002800000000000192c1,Tier 3
00280000000000032954,Tier 3
00280000000000032977,Tier 2
0028000000000003299d,Tier 3
002800000000000329a4,Tier 3
00280000000000010d0f,Tier 3
002800000000000138f7,Tier 3
0028000000000001395e,Tier 3
002800000000000223a1,Tier 3
0028000000000000df1f,Tier 2
0028000000000000df25,Tier 3
002800000000000223df,Tier 3
0028000000000002240a,Tier 3
0028000000000002fe89,Tier 3
00280000000000017542,Tier 3
0028000000000002feed,Tier 3
0028000000000002ff06,Tier 4
0028000000000000b198,Tier 4
00280000000000007267,Tier 3
002800000000000072d8,Tier 2
00280000000000007310,Tier 3
00280000000000039ecd,Tier 3
0028000000000001e5aa,Tier 3
00280000000000039f20,Tier 3
00280000000000039f72,Tier 4
002800000000000045b2,Tier 4
00280000000000004601,Tier 3
00280000000000004610,Tier 3
00280000000000004614,Tier 3
002800000000000295fb,Tier 4
00280000000000004649,Tier 4
0028000000000000464e,Tier 3
00280000000000029629,Tier 3
00280000000000027650,Tier 3
00280000000000027686,Tier 3
00280000000000001a8e,Tier 1
0028000000000001c58b,Tier 2
00280000000000012844,Tier 3
002800000000000128e3,Tier 3
002800000000000256b1,Tier 4
0028000000000001888d,Tier 3
002800000000000188af,Tier 2
00280000000000031ab1,Tier 3
0028000000000001a75c,Tier 3
002800000000000346f1,Tier 3
0028000000000001a7ae,Tier 3
00280000000000034721,Tier 3
0028000000000000fb42,Tier 3
0028000000000000fb67,Tier 3
0028000000000000fb74,Tier 3
0028000000000000fb82,Tier 2
0028000000000002ed0c,Tier 3
0028000000000000cdd7,Tier 3
00280000000000021829,Tier 3
0028000000000000ce84,Tier 3
0028000000000000ce8c,Tier 4
00280000000000014956,Tier 3
0028000000000003abe9,Tier 3
0028000000000003ac10,Tier 3
0028000000000003ac4f,Tier 3
0028000000000000a03c,Tier 3
0028000000000000a068,Tier 3
0028000000000000a08e,Tier 2
0028000000000000a0a1,Tier 3
0028000000000000a0c8,Tier 3
0028000000000001f8d5,Tier 4
0028000000000001f8da,Tier 3
00280000000000006323,Tier 3
0028000000000002a9bd,Tier 4
00280000000000006360,Tier 2
0028000000000000636f,Tier 3
002800000000000063a0,Tier 4
002800000000000063bf,Tier 3
0028000000000002aa10,Tier 4
00280000000000038ebc,Tier 3
0028000000000001da75,Tier 3
00280000000000038efe,Tier 4
00280000000000038f07,Tier 3
00280000000000038f39,Tier 3
00280000000000038f50,Tier 2
00280000000000038f57,Tier 3
0028000000000000086b,Tier 3
00280000000000003636,Tier 2
00280000000000003658,Tier 3
00280000000000028a89,Tier 3
00280000000000028a9f,Tier 4
002800000000000036a2,Tier 3
00280000000000028acc,Tier 3
00280000000000036284,Tier 3
0028000000000001bb7e,Tier 3
002800000000000362f1,Tier 3
0028000000000001bbb4,Tier 4
002800000000000335ae,Tier 3
002800000000000335e3,Tier 3
0028000000000001180d,Tier 4
0028000000000001181d,Tier 4
00280000000000024a79,Tier 3
00280000000000024a9f,Tier 3
00280000000000024ab6,Tier 2
00280000000000024abd,Tier 2
0028000000000002dcc8,Tier 3
0028000000000002dcd5,Tier 3
0028000000000002dd20,Tier 4
002800000000000308e6,Tier 3
00280000000000030918,Tier 3
00280000000000030924,Tier 3
00280000000000030925,Tier 3
00280000000000017c8a,Tier 3
0028000000000000e95a,Tier 4
0028000000000000e973,Tier 4
0028000000000000e996,Tier 4
0028000000000000e9a0,Tier 3
0028000000000000e9a9,Tier 3
0028000000000000e9ae,Tier 3
00280000000000022afc,Tier 3
0028000000000000e9e0,Tier 4
0028000000000000e9ef,Tier 4
0028000000000000e9f3,Tier 3
00280000000000022b08,Tier 3
00280000000000007ef6,Tier 2
00280000000000007f3e,Tier 3
0028000000000002bd65,Tier 4
0028000000000002bd72,Tier 2
00280000000000020d54,Tier 3
0028000000000000be73,Tier 3
002800000000000091e9,Tier 3
00280000000000009203,Tier 3
00280000000000005197,Tier 3
00280000000000005210,Tier 2
00280000000000029dfa,Tier 4
0028000000000001aefc,Tier 3
00280000000000035126,Tier 3
0028000000000003515d,Tier 2
0028000000000001af20,Tier 4
00280000000000035179,Tier 4
0028000000000001af52,Tier 4
002800000000000351b6,Tier 3
002800000000000351b9,Tier 4
002800000000000351cb,Tier 4
0028000000000001ce33,Tier 4
00280000000000037db7,Tier 2
0028000000000001ce50,Tier 4
002800000000000024df,Tier 4
00280000000000002537,Tier 4
0028000000000000253e,Tier 3
002800000000000325a3,Tier 3
0028000000000001905b,Tier 3
002800000000000325f3,Tier 3
00280000000000032607,Tier 4
00280000000000032626,Tier 3
0028000000000003263d,Tier 3
00280000000000013351,Tier 2
0028000000000000dabd,Tier 4
0028000000000000dada,Tier 3
002800000000000220e7,Tier 4
002800000000000220f0,Tier 3
002800000000000107bc,Tier 3
00280000000000010809,Tier 4
00280000000000010829,Tier 4
0028000000000001086a,Tier 4
0028000000000002f959,Tier 1
0028000000000002f965,Tier 2
0028000000000002f98c,Tier 3
0028000000000001717c,Tier 3
002800000000000171bd,Tier 4
002800000000000200cc,Tier 3
0028000000000000ac44,Tier 3
0028000000000000ac48,Tier 3
0028000000000000acdb,Tier 3
0028000000000000acdc,Tier 3
0028000000000002015d,Tier 3
002800000000000150c1,Tier 3
0028000000000002cb64,Tier 3
0028000000000002cb9d,Tier 4
0028000000000002cbab,Tier 3
0028000000000001e1ab,Tier 3
0028000000000001e1bf,Tier 3
0028000000000001e1fe,Tier 3
002800000000000399bd,Tier 3
002800000000000399e9,Tier 3
0028000000000001e223,Tier 4
00280000000000003f7b,Tier 3
00280000000000003fab,Tier 3
00280000000000003fd8,Tier 3
00280000000000029188,Tier 3
0028000000000000400a,Tier 3
002800000000000291aa,Tier 3
00280000000000006d69,Tier 2
00280000000000006d77,Tier 3
0028000000000002b133,Tier 2
0028000000000002b140,Tier 2
00280000000000036e5b,Tier 3
00280000000000036e61,Tier 3
00280000000000036e76,Tier 2
00280000000000036e77,Tier 3
00280000000000036e7f,Tier 3
00280000000000036eb6,Tier 3
00280000000000036eb9,Tier 3
00280000000000036ec9,Tier 4
00280000000000036ecf,Tier 3
002800000000000014ee,Tier 3
002800000000000014f3,Tier 3
00280000000000001516,Tier 3
002800000000000123eb,Tier 3
00280000000000012428,Tier 4
0028000000000002537a,Tier 3
00280000000000012484,Tier 3
0028000000000001248a,Tier 2
0028000000000001249d,Tier 3
002800000000000124a7,Tier 2
0028000000000001a3df,Tier 3
0028000000000001a3e6,Tier 2
00280000000000034208,Tier 3
0028000000000001a41b,Tier 3
0028000000000002330c,Tier 3
0028000000000000f5ff,Tier 4
0028000000000000f611,Tier 3
0028000000000000f620,Tier 3
0028000000000000f635,Tier 3
0028000000000000f646,Tier 3
00280000000000023379,Tier 4
0028000000000002e7a4,Tier 3
0028000000000002e7b0,Tier 3
0028000000000002e7e3,Tier 4
0028000000000002e806,Tier 3
00280000000000018419,Tier 3
00280000000000031480,Tier 2
002800000000000314c2,Tier 3
0028000000000000c9d1,Tier 2
0028000000000002153d,Tier 3
00280000000000021560,Tier 4
0028000000000002159e,Tier 3
00280000000000008c2f,Tier 3
00280000000000008c48,Tier 4
00280000000000008c55,Tier 3
00280000000000008c58,Tier 3
002800000000000144b1,Tier 3
00280000000000008c75,Tier 3
00280000000000008c78,Tier 3
00280000000000008c7f,Tier 3
00280000000000008c9b,Tier 2
002800000000000144f8,Tier 2
00280000000000008cc1,Tier 4
00280000000000008cd4,Tier 4
00280000000000005e94,Tier 3
00280000000000005e9c,Tier 3
0028000000000002a682,Tier 3
0028000000000001d669,Tier 4
002800000000000389bc,Tier 3
00280000000000038a03,Tier 3
00280000000000009cef,Tier 3
00280000000000009d16,Tier 3
00280000000000009d40,Tier 3
00280000000000009d6b,Tier 4
002800000000000030fa,Tier 3
00280000000000003113,Tier 3
002800000000000286db,Tier 3
00280000000000035ccf,Tier 3
00280000000000035cd3,Tier 3
00280000000000035d0d,Tier 3
00280000000000000376,Tier 4
0028000000000000037c,Tier 3
0028000000000002663e,Tier 3
00280000000000026640,Tier 3
00280000000000026661,Tier 3
00280000000000026671,Tier 4
00280000000000000402,Tier 3
0028000000000001977e,Tier 3
00280000000000032ff0,Tier 3
002800000000000197b2,Tier 2
002800000000000330d8,Tier 3
00280000000000011364,Tier 3
002800000000000113ba,Tier 3
002800000000000113cb,Tier 3
002800000000000301d2,Tier 3
00280000000000017780,Tier 2
00280000000000030218,Tier 3
00280000000000030235,Tier 3
00280000000000030251,Tier 2
00280000000000030252,Tier 4
002800000000000177c7,Tier 4
0028000000000000e5c9,Tier 2
0028000000000000e616,Tier 3
0028000000000000e63b,Tier 3
0028000000000000e641,Tier 4
0028000000000000e65d,Tier 3
0028000000000000e66e,Tier 3
0028000000000000e685,Tier 3
0028000000000000799e,Tier 3
0028000000000002b973,Tier 2
002800000000000079f0,Tier 3
002800000000000079f4,Tier 3
0028000000000002d7b9,Tier 3
002800000000000159fb,Tier 3
0028000000000002d7da,Tier 4
0028000000000000b85c,Tier 3
0028000000000002097b,Tier 3
002800000000000209bc,Tier 4
0028000000000000b8b6,Tier 1
0028000000000000b8c7,Tier 3
0028000000000000b8fb,Tier 3
002800000000000209d0,Tier 3
0028000000000000b8fe,Tier 3
00280000000000020a00,Tier 3
0028000000000001ea1a,Tier 3
0028000000000003a552,Tier 3
0028000000000003a580,Tier 2
002800000000000299f7,Tier 4
00280000000000004c61,Tier 3
00280000000000004c7b,Tier 2
00280000000000029a35,Tier 4
00280000000000004c8b,Tier 4
00280000000000004cbc,Tier 2
00280000000000029a41,Tier 3
0028000000000001ca61,Tier 4
00280000000000037845,Tier 3
0028000000000001ca87,Tier 3
0028000000000001cad4,Tier 3
002800000000000378d1,Tier 3
002800000000000378f9,Tier 3
00280000000000002003,Tier 3
0028000000000000202a,Tier 3
00280000000000002083,Tier 3
00280000000000002098,Tier 3
002800000000000020aa,Tier 3
002800000000000020b5,Tier 2
00280000000000018c92,Tier 3
00280000000000018cd9,Tier 2
002800000000000320a2,Tier 3
002800000000000320c0,Tier 3
00280000000000018ce9,Tier 4
002800000000000320e6,Tier 4
00280000000000018d05,Tier 3
0028000000000001a9fe,Tier 4
0028000000000001aa04,Tier 3
0028000000000001aa10,Tier 4
00280000000000034a74,Tier 3
00280000000000034a84,Tier 3
00280000000000034aaa,Tier 3
00280000000000034ab9,Tier 4
00280000000000034ad0,Tier 3
0028000000000001aa67,Tier 3
0028000000000001aa68,Tier 4
00280000000000012f16,Tier 3
00280000000000012f79,Tier 3
00280000000000012f8f,Tier 3
00280000000000012fbc,Tier 3
00280000000000025b4f,Tier 3
0028000000000002f3d4,Tier 3
0028000000000002f426,Tier 3
0028000000000002f451,Tier 3
00280000000000023b8c,Tier 3
0028000000000001025e,Tier 3
00280000000000010290,Tier 3
00280000000000023bff,Tier 4
0028000000000000a798,Tier 3
0028000000000001fd7f,Tier 3
0028000000000001fdab,Tier 2
0028000000000000d3f6,Tier 3
0028000000000000d485,Tier 1
0028000000000000d489,Tier 3
00280000000000021c4e,Tier 3
0028000000000000d4b0,Tier 3
00280000000000014d65,Tier 3
0028000000000002c5d4,Tier 3
0028000000000002c5e1,Tier 3
0028000000000002c616,Tier 3
00280000000000039213,Tier 3
0028000000000001dccd,Tier 2
0028000000000003929b,Tier 2
0028000000000002addc,Tier 3
0028000000000000693a,Tier 3
00280000000000006940,Tier 3
0028000000000000699e,Tier 3
0028000000000002ae51,Tier 4
0028000000000001bf83,Tier 2
0028000000000003694e,Tier 3
00280000000000000f4b,Tier 3
00280000000000000fbc,Tier 3
00280000000000003c75,Tier 3
00280000000000003ca8,Tier 2
00280000000000011dbf,Tier 3
00280000000000024ead,Tier 4
00280000000000024eb4,Tier 1
00280000000000011e63,Tier 2
00280000000000011e6e,Tier 3
00280000000000011e8c,Tier 3
00280000000000019fef,Tier 3
00280000000000033c7a,Tier 3
0028000000000001a05e,Tier 4
00280000000000033ce7,Tier 3
00280000000000033ce9,Tier 3
00280000000000022fa2,Tier 3
0028000000000000f0b7,Tier 3
0028000000000000f0d0,Tier 3
0028000000000000f0d9,Tier 4
0028000000000000f0fe,Tier 3
002800000000000161e5,Tier 3
0028000000000001620f,Tier 3
00280000000000016211,Tier 3
0028000000000002e33d,Tier 3
00280000000000018085,Tier 3
00280000000000030f09,Tier 3
00280000000000030f19,Tier 3
0028000000000000c14b,Tier 3
0028000000000000c19d,Tier 3
0028000000000000c1e1,Tier 4
0028000000000000c1e9,Tier 3
0028000000000000c207,Tier 3
0028000000000000c22e,Tier 4
0028000000000002c149,Tier 3
0028000000000000852d,Tier 3
00280000000000008546,Tier 3
0028000000000002a2bd,Tier 2
002800000000000058fd,Tier 3
00280000000000005901,Tier 3
0028000000000002a2f8,Tier 3
0028000000000002a305,Tier 3
0028000000000000593c,Tier 4
00280000000000005941,Tier 3
0028000000000002a321,Tier 4
0028000000000001f242,Tier 3
00280000000000009811,Tier 3
0028000000000001f28e,Tier 3
0028000000000001f299,Tier 3
0028000000000001f2c9,Tier 3
0028000000000001f2cc,Tier 3
00280000000000002a8d,Tier 3
00280000000000002abc,Tier 3
00280000000000002ad5,Tier 4
00280000000000002afc,Tier 3
00280000000000002b13,Tier 3
00280000000000002b1d,Tier 3
00280000000000028267,Tier 3
00280000000000002b3e,Tier 3
00280000000000002b6c,Tier 4
0028000000000002829a,Tier 3
00280000000000035769,Tier 3
0028000000000001b386,Tier 4
0028000000000001b38b,Tier 4
0028000000000003578b,Tier 3
002800000000000357a7,Tier 3
002800000000000357bd,Tier 3
002800000000000357d7,Tier 4
0028000000000001d320,Tier 4
002800000000000384e3,Tier 4
0028000000000001d331,Tier 3
00280000000000013a07,Tier 3
00280000000000026296,Tier 2
0028000000000002629e,Tier 3
002800000000000262ab,Tier 3
00280000000000013a3a,Tier 2
002800000000000262e9,Tier 3
00280000000000032c5b,Tier 3
002800000000000194cb,Tier 2
00280000000000032c87,Tier 3
002800000000000241c4,Tier 3
00280000000000010bbd,Tier 4
00280000000000017591,Tier 3
002800000000000175da,Tier 3
0028000000000002ffac,Tier 2
0028000000000002ffb6,Tier 3
0028000000000002ffc7,Tier 3
0028000000000002ffd3,Tier 3
0028000000000000e0a8,Tier 3
002800000000000224e6,Tier 3
0028000000000000e0fa,Tier 3
0028000000000002250b,Tier 3
0028000000000002d21c,Tier 3
0028000000000001560d,Tier 3
0028000000000002d26f,Tier 3
002800000000000205c8,Tier 4
002800000000000205de,Tier 3
0028000000000000b389,Tier 4
0028000000000000b38f,Tier 3
0028000000000000b397,Tier 2
0028000000000000b399,Tier 3
0028000000000000b3a3,Tier 3
0028000000000000b3a9,Tier 3
0028000000000000b3c4,Tier 3
0028000000000002061c,Tier 3
002800000000000046b2,Tier 3
0028000000000002966e,Tier 3
00280000000000004727,Tier 3
0028000000000000472d,Tier 3
00280000000000004759,Tier 4
00280000000000007355,Tier 2
00280000000000007379,Tier 3
00280000000000039fea,Tier 3
0028000000000003a00e,Tier 3
0028000000000003a00f,Tier 3
0028000000000003a01d,Tier 3
0028000000000003a023,Tier 3
0028000000000003a041,Tier 3
0028000000000001c79d,Tier 3
0028000000000003746f,Tier 3
0028000000000001c7ce,Tier 3
0028000000000001c7d0,Tier 1
00280000000000001861,Tier 3
00280000000000001890,Tier 3
00280000000000001895,Tier 3
00280000000000027552,Tier 3
002800000000000018ab,Tier 3
002800000000000018ae,Tier 3
00280000000000031b2e,Tier 4
00280000000000018934,Tier 3
00280000000000031b5e,Tier 2
0028000000000001895a,Tier 4
00280000000000031b9e,Tier 4
00280000000000031ba3,Tier 4
002800000000000347b7,Tier 3
00280000000000034820,Tier 3
0028000000000003484d,Tier 3
00280000000000012a3b,Tier 3
00280000000000025795,Tier 3
0028000000000002ed8f,Tier 3
0028000000000000fce4,Tier 2
00280000000000023826,Tier 3
00280000000000023834,Tier 3
00280000000000023854,Tier 3
0028000000000000fd6c,Tier 4
0028000000000000fd6f,Tier 3
0028000000000000cea2,Tier 3
0028000000000000cf46,Tier 4
0028000000000000cf4f,Tier 3
002800000000000218e3,Tier 3
002800000000000149f3,Tier 3
0028000000000003ad25,Tier 3
00280000000000038fb6,Tier 2
00280000000000038fd1,Tier 2
0028000000000001db18,Tier 3
0028000000000001db36,Tier 3
0028000000000001fa27,Tier 3
0028000000000000a2be,Tier 3
0028000000000000a306,Tier 3
0028000000000000a31a,Tier 3
0028000000000000a31b,Tier 3
0028000000000001fa96,Tier 3
00280000000000006120,Tier 4
0028000000000000619d,Tier 4
0028000000000000621e,Tier 4
0028000000000001bc0f,Tier 3
002800000000000363cc,Tier 2
002800000000000363d8,Tier 3
002800000000000363d9,Tier 3
00280000000000036417,Tier 3
0028000000000001bc57,Tier 3
00280000000000036424,Tier 4
00280000000000003494,Tier 1
00280000000000024b27,Tier 3
002800000000000118ed,Tier 3
00280000000000011922,Tier 3
00280000000000011927,Tier 3
00280000000000000944,Tier 3
00280000000000026aa3,Tier 3
002800000000000009b3,Tier 4
002800000000000009b6,Tier 4
00280000000000026ab5,Tier 3
00280000000000026abe,Tier 3
00280000000000026b07,Tier 3
00280000000000019bce,Tier 4
00280000000000033692,Tier 3
00280000000000019c0d,Tier 2
002800000000000336e7,Tier 3
0028000000000000ec79,Tier 3
00280000000000022ce3,Tier 3
00280000000000017d1b,Tier 3
0028000000000000bee6,Tier 4
0028000000000000bf0f,Tier 3
00280000000000007c97,Tier 4
00280000000000007d42,Tier 3
00280000000000007d76,Tier 4
0028000000000002dabd,Tier 4
0028000000000002dae2,Tier 3
0028000000000002db0b,Tier 3
0028000000000002db36,Tier 2
0028000000000002db6b,Tier 2
0028000000000000925a,Tier 3
0028000000000000925e,Tier 3
00280000000000009283,Tier 3
0028000000000000929b,Tier 3
002800000000000092cf,Tier 3
002800000000000092d9,Tier 3
00280000000000005288,Tier 2
0028000000000000529d,Tier 3
002800000000000025c5,Tier 3
00280000000000027ed2,Tier 3
002800000000000025fa,Tier 3
00280000000000027edf,Tier 3
0028000000000001af8a,Tier 3
0028000000000001af93,Tier 2
0028000000000001afa6,Tier 3
00280000000000035279,Tier 2
0028000000000003528b,Tier 2
002800000000000352aa,Tier 4
0028000000000001ce6d,Tier 3
00280000000000037f18,Tier 4
00280000000000013579,Tier 3
002800000000000135da,Tier 3
00280000000000025f8a,Tier 4
00280000000000013606,Tier 4
00280000000000018ee8,Tier 3
00280000000000032416,Tier 3
0028000000000003243f,Tier 4
00280000000000018f65,Tier 3
0028000000000003245f,Tier 3
002800000000000108c6,Tier 3
00280000000000023fe8,Tier 3
0028000000000001092e,Tier 3
00280000000000017025,Tier 4
00280000000000017048,Tier 4
0028000000000002f7ef,Tier 4
0028000000000002cbf2,Tier 3
0028000000000002cbf8,Tier 3
0028000000000002cc30,Tier 3
0028000000000000ad20,Tier 3
0028000000000000ada0,Tier 3
0028000000000000adaa,Tier 3
00280000000000020204,Tier 3
00280000000000020209,Tier 4
0028000000000000dbd5,Tier 4
0028000000000002216c,Tier 3
0028000000000000dc04,Tier 4
00280000000000006f22,Tier 3
00280000000000006f7b,Tier 3
00280000000000006f8d,Tier 3
00280000000000006f8e,Tier 4
00280000000000039a75,Tier 2
00280000000000039aa5,Tier 3
00280000000000039ab3,Tier 3
0028000000000001e2ca,Tier 3
00280000000000039acc,Tier 3
00280000000000004244,Tier 3
002800000000000042ee,Tier 3
002800000000000042fc,Tier 4
0028000000000001c1f0,Tier 3
0028000000000001c1fe,Tier 4
00280000000000036cd0,Tier 3
00280000000000001583,Tier 3
002800000000000015bc,Tier 3
002800000000000015d2,Tier 4
00280000000000001608,Tier 2
00280000000000001615,Tier 3
00280000000000034011,Tier 3
00280000000000012556,Tier 4
0028000000000001258c,Tier 3
0028000000000001258f,Tier 2
00280000000000025437,Tier 3
00280000000000025448,Tier 3
002800000000000165f1,Tier 3
0028000000000002e961,Tier 2
0028000000000002e981,Tier 3
0028000000000002e9a2,Tier 3
00280000000000031536,Tier 3
00280000000000031561,Tier 2
00280000000000031565,Tier 3
00280000000000031567,Tier 3
0028000000000000f6aa,Tier 3
0028000000000000f6d4,Tier 3
0028000000000000f6fd,Tier 3
0028000000000002146a,Tier 3
0028000000000000c8f7,Tier 3
002800000000000214bd,Tier 3
0028000000000000c92b,Tier 3
0028000000000000c956,Tier 4
0028000000000000c958,Tier 3
00280000000000008f18,Tier 3
00280000000000008f28,Tier 3
002800000000000146a8,Tier 3
00280000000000008f42,Tier 3
002800000000000146c5,Tier 3
00280000000000009b58,Tier 3
00280000000000009b61,Tier 4
00280000000000009bad,Tier 3
00280000000000005efb,Tier 3
00280000000000005f3c,Tier 3
00280000000000005f79,Tier 3
0028000000000002a6fe,Tier 4
0028000000000001b7a5,Tier 2
00280000000000035d8c,Tier 3
00280000000000035dab,Tier 3
0028000000000001b7f2,Tier 3
00280000000000035dbb,Tier 3
00280000000000035dc0,Tier 3
00280000000000035dce,Tier 3
00280000000000035ddb,Tier 3
00280000000000035de0,Tier 2
00280000000000035dff,Tier 3
0028000000000001d579,Tier 3
0028000000000003881b,Tier 3
0028000000000003884c,Tier 3
00280000000000038852,Tier 3
0028000000000001d5c4,Tier 3
00280000000000038894,Tier 3
00280000000000038898,Tier 3
0028000000000002871a,Tier 2
00280000000000003176,Tier 3
002800000000000031d6,Tier 3
002800000000000031ed,Tier 3
002800000000000031ff,Tier 3
0028000000000002877a,Tier 3
00280000000000003215,Tier 3
002800000000000287ae,Tier 3
002800000000000331e7,Tier 3
002800000000000198cb,Tier 3
002800000000000198dc,Tier 3
00280000000000033219,Tier 3
00280000000000033259,Tier 4
00280000000000000426,Tier 3
002800000000000004cb,Tier 3
0028000000000000e453,Tier 3
0028000000000000e4b9,Tier 3
0028000000000002279f,Tier 3
002800000000000227b9,Tier 3
00280000000000011258,Tier 2
00280000000000024677,Tier 3
00280000000000011289,Tier 2
002800000000000112bd,Tier 3
002800000000000112e8,Tier 3
002800000000000179be,Tier 3
0028000000000003051e,Tier 3
00280000000000030548,Tier 3
00280000000000030558,Tier 3
00280000000000030590,Tier 2
00280000000000017a0b,Tier 4
00280000000000017a3b,Tier 3
0028000000000000b68b,Tier 3
0028000000000000b6c7,Tier 3
0028000000000002086b,Tier 4
002800000000000208bd,Tier 3
0028000000000002d811,Tier 3
00280000000000015a76,Tier 3
0028000000000002d865,Tier 3
0028000000000002d8ad,Tier 4
0028000000000003a5b9,Tier 2
0028000000000001ea9d,Tier 3
0028000000000001eac2,Tier 3
0028000000000001eac7,Tier 1
0028000000000003a60d,Tier 3
0028000000000001ead2,Tier 3
00280000000000029a8a,Tier 3
00280000000000004d36,Tier 3
00280000000000004d89,Tier 4
00280000000000029af4,Tier 3
00280000000000004dc3,Tier 3
00280000000000007a13,Tier 3
00280000000000007a3f,Tier 3
00280000000000007a47,Tier 3
00280000000000007a4f,Tier 3
0028000000000002b9ea,Tier 4
00280000000000007a78,Tier 3
00280000000000007a90,Tier 3
0028000000000002ba03,Tier 3
00280000000000007abf,Tier 3
00280000000000007adf,Tier 3
00280000000000007ae4,Tier 3
00280000000000001fb1,Tier 3
00280000000000001fee,Tier 3
00280000000000001ff0,Tier 4
00280000000000037a95,Tier 3
00280000000000037ac3,Tier 3
0028000000000001cc04,Tier 4
0028000000000001cc08,Tier 4
00280000000000012d90,Tier 3
002800000000000259f9,Tier 3
00280000000000012dcf,Tier 3
00280000000000012dfe,Tier 3
00280000000000018d6a,Tier 3
00280000000000018d72,Tier 3
0028000000000003218e,Tier 3
0028000000000001ac4a,Tier 3
0028000000000001aca2,Tier 3
0028000000000001aca8,Tier 4
00280000000000034e25,Tier 3
00280000000000034e27,Tier 3
0028000000000001009e,Tier 3
002800000000000100da,Tier 3
00280000000000023aa8,Tier 3
002800000000000100e8,Tier 2
002800000000000100f6,Tier 3
0028000000000002f507,Tier 2
0028000000000002f50c,Tier 2
0028000000000002f52b,Tier 3
00280000000000016e52,Tier 3
0028000000000002c6a6,Tier 2
0028000000000002c6bf,Tier 3
0028000000000002c713,Tier 3
0028000000000000d4fb,Tier 3
0028000000000000d526,Tier 3
0028000000000000d551,Tier 3
0028000000000000d571,Tier 3
00280000000000021d28,Tier 3
0028000000000000686e,Tier 3
00280000000000006896,Tier 3
002800000000000068a6,Tier 3
002800000000000068ad,Tier 2
002800000000000068b8,Tier 3
002800000000000068d1,Tier 4
0028000000000002adbf,Tier 4
00280000000000039630,Tier 1
00280000000000039678,Tier 3
0028000000000000a8e3,Tier 3
0028000000000000a8eb,Tier 3
0028000000000000a922,Tier 3
0028000000000001fed4,Tier 3
0028000000000000a966,Tier 2
0028000000000001ff03,Tier 3
00280000000000003a55,Tier 3
00280000000000028d73,Tier 3
00280000000000028d74,Tier 3
00280000000000003a5d,Tier 3
00280000000000003a6a,Tier 3
00280000000000003aac,Tier 4
002800000000000369ce,Tier 3
00280000000000036a33,Tier 2
00280000000000033d47,Tier 3
00280000000000033d55,Tier 3
0028000000000001a0cf,Tier 3
0028000000000001a0ea,Tier 4
00280000000000033d9d,Tier 4
00280000000000033db6,Tier 3
00280000000000033de5,Tier 3
0028000000000001a0fd,Tier 4
00280000000000000dc4,Tier 3
00280000000000000dcc,Tier 3
00280000000000000df7,Tier 3
00280000000000026ded,Tier 3
00280000000000026e04,Tier 4
00280000000000026e07,Tier 3
00280000000000000e2e,Tier 3
002800000000000180df,Tier 3
00280000000000030ff1,Tier 1
00280000000000018115,Tier 3
0028000000000003100e,Tier 2
00280000000000031050,Tier 3
0028000000000003107b,Tier 4
0028000000000000f268,Tier 4
0028000000000000f2b8,Tier 4
002800000000000082e6,Tier 4
002800000000000082eb,Tier 3
0028000000000002c039,Tier 3
0028000000000002c045,Tier 3
0028000000000000838d,Tier 2
0028000000000002c06f,Tier 3
00280000000000008391,Tier 3
00280000000000016104,Tier 3
00280000000000016130,Tier 3
0028000000000002e26b,Tier 2
0028000000000002e287,Tier 4
0028000000000002122a,Tier 4
0028000000000000c5a7,Tier 3
0028000000000000c5c1,Tier 3
0028000000000000c5c4,Tier 3
00280000000000009844,Tier 3
0028000000000000984a,Tier 3
00280000000000009852,Tier 3
00280000000000009898,Tier 4
002800000000000098b9,Tier 4
00280000000000009900,Tier 3
00280000000000009905,Tier 3
002800000000000056ab,Tier 3
0028000000000002a176,Tier 3
00280000000000005741,Tier 4
0028000000000000575f,Tier 3
0028000000000001b3e9,Tier 3
00280000000000035801,Tier 4
0028000000000001b414,Tier 3
00280000000000035887,Tier 3
002800000000000358b2,Tier 4
002800000000000358c4,Tier 3
00280000000000038543,Tier 2
0028000000000001d394,Tier 2
00280000000000038561,Tier 4
00280000000000038574,Tier 3
0028000000000001d3bc,Tier 3
002800000000000385aa,Tier 3
002800000000000385ac,Tier 3
00280000000000002baf,Tier 3
002800000000000282eb,Tier 3
00280000000000002c03,Tier 3
00280000000000002c18,Tier 2
00280000000000002c1d,Tier 4
00280000000000002c31,Tier 2
00280000000000002c3b,Tier 4
00280000000000032af9,Tier 3
00280000000000032b11,Tier 3
00280000000000032b32,Tier 3
00280000000000032b44,Tier 3
00280000000000032bad,Tier 4
00280000000000013b50,Tier 3
002800000000000263b4,Tier 4
0028000000000000001e,Tier 3
0028000000000000002f,Tier 3
00280000000000010eda,Tier 3
00280000000000010f95,Tier 3
0028000000000002fdef,Tier 3
0028000000000002fe0d,Tier 3
0028000000000000b3ec,Tier 3
0028000000000000b484,Tier 4
0028000000000002068e,Tier 3
002800000000000206a0,Tier 3
0028000000000000e181,Tier 3
0028000000000000e1e0,Tier 3
0028000000000002258e,Tier 3
002800000000000225a9,Tier 3
0028000000000002d01a,Tier 3
002800000000000154e0,Tier 3
002800000000000154f1,Tier 3
0028000000000002d078,Tier 3
002800000000000154f3,Tier 3
0028000000000002d0e3,Tier 3
0028000000000003a0c2,Tier 3
0028000000000003a108,Tier 3
0028000000000000740f,Tier 3
00280000000000001c21,Tier 3
00280000000000001c2a,Tier 4
00280000000000001c33,Tier 3
002800000000000277d8,Tier 3
002800000000000277dc,Tier 3
00280000000000004871,Tier 3
00280000000000004887,Tier 3
002800000000000048b9,Tier 3
002800000000000048f6,Tier 3
00280000000000004918,Tier 2
00280000000000004921,Tier 3
0028000000000000492b,Tier 3
002800000000000297ce,Tier 3
002800000000000297e7,Tier 3
0028000000000003730f,Tier 3
00280000000000037357,Tier 3
00280000000000037383,Tier 3
0028000000000001c6fd,Tier 4
00280000000000037391,Tier 3
0028000000000003739d,Tier 3
002800000000000373a7,Tier 3
00280000000000012a9d,Tier 4
00280000000000012aed,Tier 3
00280000000000012af2,Tier 3
00280000000000012b1d,Tier 3
0028000000000002583e,Tier 3
00280000000000025845,Tier 3
00280000000000025854,Tier 3
00280000000000034609,Tier 4
0028000000000001a6d4,Tier 3
0028000000000001a6db,Tier 4
0028000000000001a6f1,Tier 3
0028000000000003460f,Tier 3
00280000000000034666,Tier 4
0028000000000000fd91,Tier 3
0028000000000000fdeb,Tier 3
0028000000000000fe28,Tier 3
002800000000000238e3,Tier 3
00280000000000023908,Tier 4
00280000000000023909,Tier 3
0028000000000002ee3b,Tier 2
002800000000000169e0,Tier 3
0028000000000002ee9c,Tier 4
0028000000000002eeb6,Tier 1
002800000000000319b9,Tier 3
002800000000000319fd,Tier 3
00280000000000018844,Tier 3
00280000000000031a29,Tier 4
0028000000000002196b,Tier 3
00280000000000021974,Tier 3
0028000000000003ae48,Tier 2
00280000000000014afc,Tier 2
00280000000000014b17,Tier 3
0028000000000003ae90,Tier 2
0028000000000000652e,Tier 4
0028000000000001d9a3,Tier 3
00280000000000038df3,Tier 2
00280000000000038e2f,Tier 3
0028000000000001d9ec,Tier 4
00280000000000038e49,Tier 3
00280000000000038e5c,Tier 2
00280000000000038e8d,Tier 2
0028000000000000a1ef,Tier 3
0028000000000000a208,Tier 3
0028000000000000a20a,Tier 3
0028000000000000a226,Tier 3
0028000000000001f9f9,Tier 2
0028000000000000382c,Tier 3
00280000000000003844,Tier 4
00280000000000003869,Tier 3
002800000000000361c3,Tier 3
0028000000000001bac5,Tier 4
00280000000000000a7c,Tier 3
00280000000000000aa8,Tier 4
00280000000000000ab0,Tier 3
00280000000000033720,Tier 3
0028000000000003373b,Tier 2
00280000000000019cb3,Tier 3
002800000000000337cb,Tier 3
00280000000000030b71,Tier 2
00280000000000030b90,Tier 3
00280000000000030b96,Tier 4
00280000000000030b9a,Tier 3
00280000000000030bef,Tier 3
0028000000000000eaf0,Tier 2
0028000000000000eafc,Tier 3
0028000000000000eb93,Tier 3
0028000000000000eb94,Tier 4
00280000000000022c4c,Tier 4
00280000000000022c6e,Tier 3
00280000000000011956,Tier 3
00280000000000024bac,Tier 3
002800000000000119bd,Tier 3
002800000000000119c1,Tier 3
00280000000000024be7,Tier 3
00280000000000015ec9,Tier 3
0028000000000002dec3,Tier 3
0028000000000002dec6,Tier 3
0028000000000002deee,Tier 4
0028000000000000bd2f,Tier 3
00280000000000020d05,Tier 3
0028000000000000bdbc,Tier 4
0028000000000002be43,Tier 3
0028000000000002be4c,Tier 3
0028000000000002be66,Tier 3
0028000000000001ed80,Tier 2
0028000000000001eda5,Tier 3
0028000000000003aa54,Tier 3
0028000000000003aa60,Tier 4
0028000000000003aa61,Tier 3
0028000000000003aa6a,Tier 3
0028000000000003aa70,Tier 3
00280000000000005356,Tier 2
002800000000000053a1,Tier 3
0028000000000001d05d,Tier 3
002800000000000380f2,Tier 3
0028000000000001d09a,Tier 3
00280000000000027f05,Tier 3
0028000000000000268b,Tier 3
00280000000000027f56,Tier 3
002800000000000026ec,Tier 3
00280000000000032779,Tier 3
002800000000000191c6,Tier 3
0028000000000003279a,Tier 3
002800000000000327be,Tier 4
002800000000000327d7,Tier 3
002800000000000191e2,Tier 3
002800000000000191e8,Tier 3
0028000000000001b16c,Tier 3
002800000000000354f4,Tier 3
002800000000000134df,Tier 2
00280000000000025ee0,Tier 3
00280000000000013525,Tier 4
0028000000000001353f,Tier 4
002800000000000106eb,Tier 1
00280000000000010734,Tier 3
00280000000000023ee6,Tier 3
00280000000000023ef6,Tier 3
0028000000000001077e,Tier 4
0028000000000002fb3d,Tier 4
0028000000000002fb75,Tier 3
0028000000000002fb92,Tier 3
0028000000000000d992,Tier 3
0028000000000000d9a3,Tier 3
0028000000000000d9b2,Tier 4
0028000000000000d9bd,Tier 3
0028000000000000d9e4,Tier 4
00280000000000022016,Tier 3
00280000000000022024,Tier 4
00280000000000022035,Tier 3
0028000000000000da35,Tier 3
0028000000000002cc9a,Tier 3
0028000000000002ccce,Tier 2
0028000000000002cd14,Tier 3
0028000000000002cd37,Tier 3
00280000000000039d03,Tier 3
00280000000000039d34,Tier 2
00280000000000039d6c,Tier 3
0028000000000001e491,Tier 4
0028000000000000af83,Tier 3
0028000000000000aff7,Tier 3
00280000000000020394,Tier 3
0028000000000000b031,Tier 2
0028000000000000b044,Tier 3
002800000000000203b0,Tier 3
002800000000000203d1,Tier 3
0028000000000000b04e,Tier 4
002800000000000203e7,Tier 3
00280000000000006df6,Tier 3
00280000000000006e45,Tier 2
00280000000000006e71,Tier 3
0028000000000001c42c,Tier 2
00280000000000037032,Tier 2
00280000000000037051,Tier 4
0028000000000001c4b0,Tier 3
00280000000000037057,Tier 1
002800000000000041aa,Tier 3
002800000000000041e1,Tier 3
00280000000000029309,Tier 3
00280000000000012378,Tier 3
002800000000000123a4,Tier 3
002800000000000123c8,Tier 2
002800000000000123e1,Tier 3
002800000000000013c0,Tier 3
002800000000000013c4,Tier 3
00280000000000001423,Tier 3
00280000000000027243,Tier 3
0028000000000000146a,Tier 3
0028000000000001a4ce,Tier 3
0028000000000001a4e7,Tier 3
002800000000000343cd,Tier 3
0028000000000001a52a,Tier 4
0028000000000000f981,Tier 3
0028000000000000f990,Tier 4
002800000000000235c5,Tier 3
0028000000000001853e,Tier 3
002800000000000315c1,Tier 3
00280000000000018570,Tier 3
00280000000000018571,Tier 4
002800000000000145f4,Tier 2
00280000000000014601,Tier 4
00280000000000014610,Tier 2
00280000000000008e76,Tier 2
0028000000000002a576,Tier 2
0028000000000002a5da,Tier 3
00280000000000009e5c,Tier 3
00280000000000002f8f,Tier 1
00280000000000003032,Tier 3
0028000000000002865f,Tier 3
00280000000000028663,Tier 3
0028000000000001b82a,Tier 3
0028000000000001b85b,Tier 3
00280000000000035e4f,Tier 3
0028000000000001b866,Tier 3
0028000000000001b86e,Tier 3
0028000000000001b883,Tier 3
0028000000000001b8c1,Tier 3
0028000000000001d7b6,Tier 4
00280000000000038b7d,Tier 4
00280000000000038ba4,Tier 3
0028000000000001d811,Tier 3
00280000000000038c19,Tier 4
00280000000000038c1f,Tier 4
002800000000000006c4,Tier 3
00280000000000000708,Tier 3
0028000000000000070f,Tier 4
00280000000000000738,Tier 3
002800000000000268c1,Tier 3
0028000000000001982d,Tier 3
0028000000000001987c,Tier 3
0028000000000001987e,Tier 3
00280000000000033168,Tier 3
00280000000000033183,Tier 3
0028000000000001793b,Tier 3
0028000000000003049f,Tier 3
00280000000000024961,Tier 3
00280000000000011684,Tier 3
002800000000000158bc,Tier 3
002800000000000158f6,Tier 3
0028000000000001590b,Tier 3
0028000000000001593c,Tier 3
0028000000000000ba35,Tier 3
0028000000000000ba9b,Tier 3
0028000000000000ba9f,Tier 3
0028000000000000babc,Tier 3
0028000000000000badc,Tier 3
0028000000000000bae3,Tier 3
00280000000000020b35,Tier 3
00280000000000022980,Tier 3
0028000000000002299a,Tier 3
0028000000000000e7ec,Tier 3
002800000000000229b2,Tier 3
002800000000000229c2,Tier 3
00280000000000022a0e,Tier 4
002800000000000078a2,Tier 3
002800000000000078d8,Tier 3
0028000000000002b8ca,Tier 3
00280000000000007908,Tier 3
0028000000000002b908,Tier 4
0028000000000002b909,Tier 3
0028000000000003a6b0,Tier 2
0028000000000001eb65,Tier 3
0028000000000003793c,Tier 3
0028000000000001cb2c,Tier 3
0028000000000003796c,Tier 2
002800000000000379c6,Tier 3
0028000000000001cb65,Tier 3
002800000000000379e2,Tier 3
00280000000000037a00,Tier 3
00280000000000027ca8,Tier 3
00280000000000002374,Tier 3
00280000000000004fec,Tier 3
00280000000000029c93,Tier 3
00280000000000005041,Tier 3
00280000000000029cbf,Tier 3
0028000000000000506a,Tier 3
0028000000000000506c,Tier 3
0028000000000000506e,Tier 3
0028000000000000508e,Tier 3
00280000000000029d13,Tier 3
0028000000000001abfc,Tier 3
0028000000000001abff,Tier 4
00280000000000034d46,Tier 3
002800000000000130e3,Tier 3
0028000000000001313d,Tier 3
00280000000000013145,Tier 3
0028000000000001315c,Tier 3
00280000000000013192,Tier 4
0028000000000002f2cb,Tier 3
0028000000000002f355,Tier 3
0028000000000002f364,Tier 3
00280000000000031f85,Tier 4
00280000000000018c40,Tier 3
00280000000000018c46,Tier 3
00280000000000031fe2,Tier 3
00280000000000018c5a,Tier 4
00280000000000010433,Tier 3
00280000000000010470,Tier 3
00280000000000010492,Tier 4
0028000000000000d65f,Tier 3
0028000000000000d671,Tier 3
0028000000000000d672,Tier 4
0028000000000000d675,Tier 4
0028000000000000d68b,Tier 3
0028000000000002c941,Tier 3
00280000000000015001,Tier 3
0028000000000002c9c6,Tier 3
0028000000000002c9d5,Tier 2
0028000000000002c9d6,Tier 3
0028000000000002c9da,Tier 3
0028000000000001deb3,Tier 3
0028000000000001ded3,Tier 2
0028000000000001dee0,Tier 2
0028000000000001def7,Tier 3
0028000000000001df09,Tier 1
0028000000000000a823,Tier 4
00280000000000006bde,Tier 4
00280000000000006c0c,Tier 3
0028000000000002afe2,Tier 3
00280000000000006c3c,Tier 4
0028000000000001bf61,Tier 2
00280000000000019f96,Tier 4
00280000000000033c29,Tier 4
0028000000000002300b,Tier 2
00280000000000023068,Tier 4
00280000000000011fd0,Tier 4
00280000000000011fe2,Tier 2
00280000000000012017,Tier 4
00280000000000012061,Tier 4
002800000000000182c7,Tier 2
002800000000000312b3,Tier 3
00280000000000031303,Tier 4
0028000000000000c44c,Tier 4
002800000000000211dd,Tier 4
00280000000000016371,Tier 2
00280000000000005af1,Tier 2
00280000000000008697,Tier 2
0028000000000002c2eb,Tier 4
00280000000000008736,Tier 4
002800000000000096e8,Tier 2
00280000000000009715,Tier 1
0028000000000000972f,Tier 2
00280000000000002ceb,Tier 4
00280000000000002cfb,Tier 4
002800000000000283e3,Tier 2
002800000000000383f3,Tier 2
00280000000000038439,Tier 4
00280000000000026385,Tier 4
00280000000000032e50,Tier 1
00280000000000035ac7,Tier 2
002800000000000300e2,Tier 4
0028000000000001770c,Tier 2
00280000000000017720,Tier 4
00280000000000030183,Tier 3
0028000000000002d461,Tier 4
0028000000000000dfea,Tier 2
0028000000000000e01f,Tier 4
00280000000000007545,Tier 4
0028000000000003a36c,Tier 2
0028000000000002973d,Tier 1
0028000000000000485f,Tier 4
00280000000000012929,Tier 4
002800000000000129bb,Tier 2
00280000000000001b13,Tier 4
00280000000000001b72,Tier 4
00280000000000001b7d,Tier 2
00280000000000001b82,Tier 4
002800000000000189a4,Tier 2
00280000000000031c16,Tier 4
002800000000000189b6,Tier 3
0028000000000000a5a9,Tier 2
002800000000000063d7,Tier 4
0028000000000002aa8b,Tier 4
002800000000000364f9,Tier 4
0028000000000003652f,Tier 4
00280000000000028b4a,Tier 4
00280000000000026bdd,Tier 3
00280000000000000b60,Tier 4
00280000000000000b65,Tier 4
002800000000000337fe,Tier 2
00280000000000033806,Tier 4
00280000000000019d1a,Tier 4
00280000000000019d50,Tier 4
00280000000000011caf,Tier 4
00280000000000030aae,Tier 4
00280000000000017d94,Tier 3
00280000000000030b22,Tier 4
0028000000000000ee87,Tier 1
00280000000000022eba,Tier 4
0028000000000002de05,Tier 2
0028000000000002bdd5,Tier 2
00280000000000002982,Tier 4
00280000000000002986,Tier 4
00280000000000005485,Tier 4
00280000000000037f30,Tier 2
00280000000000037fd9,Tier 4
002800000000000137c9,Tier 4
002800000000000137e9,Tier 4
002800000000000137ff,Tier 4
00280000000000026191,Tier 4
0028000000000001b01c,Tier 2
00280000000000010aed,Tier 2
00280000000000010b12,Tier 4
0028000000000002fad4,Tier 4
00280000000000019111,Tier 2
00280000000000019135,Tier 2
0028000000000003271b,Tier 2
0028000000000002cd89,Tier 2
0028000000000002cdd8,Tier 4
0028000000000000dc9e,Tier 4
0028000000000000dcb4,Tier 4
0028000000000000dcd1,Tier 4
002800000000000071f0,Tier 3
002800000000000071f2,Tier 4
00280000000000039b80,Tier 2
00280000000000020241,Tier 2
0028000000000000ae7f,Tier 4
0028000000000000ae87,Tier 2
00280000000000004544,Tier 4
00280000000000029573,Tier 4
00280000000000004569,Tier 4
00280000000000036f17,Tier 4
00280000000000036f70,Tier 4
00280000000000036f7c,Tier 4
00280000000000036fa1,Tier 2
0028000000000001a441,Tier 2
00280000000000034275,Tier 4
002800000000000017f6,Tier 4
0028000000000002345e,Tier 2
0028000000000000f802,Tier 4
0028000000000001266d,Tier 4
0028000000000000873b,Tier 2
0028000000000000873c,Tier 4
0028000000000000873e,Tier 1
0028000000000000873f,Tier 1
00280000000000008740,Tier 4
00280000000000008743,Tier 2
00280000000000008744,Tier 1
0028000000000000874a,Tier 4
0028000000000000874d,Tier 1
0028000000000000874f,Tier 4
00280000000000008751,Tier 1
00280000000000008755,Tier 4
00280000000000008756,Tier 1
0028000000000000875b,Tier 4
0028000000000000875c,Tier 1
0028000000000000875e,Tier 4
0028000000000000875f,Tier 1
00280000000000008760,Tier 2
00280000000000008761,Tier 1
00280000000000008762,Tier 2
00280000000000008763,Tier 2
00280000000000008766,Tier 4
00280000000000008767,Tier 1
00280000000000008769,Tier 1
0028000000000000876b,Tier 2
0028000000000000876c,Tier 4
0028000000000000876e,Tier 4
0028000000000000876f,Tier 2
00280000000000008771,Tier 4
00280000000000008778,Tier 2
0028000000000000877a,Tier 2
0028000000000000877b,Tier 4
0028000000000000877e,Tier 4
00280000000000008782,Tier 1
00280000000000008786,Tier 1
00280000000000008787,Tier 4
0028000000000000878a,Tier 1
0028000000000000878f,Tier 2
00280000000000008794,Tier 2
00280000000000008796,Tier 2
00280000000000008798,Tier 2
0028000000000000879f,Tier 2
002800000000000087a5,Tier 2
002800000000000087a9,Tier 3
002800000000000087aa,Tier 4
002800000000000087ab,Tier 2
002800000000000087b1,Tier 2
002800000000000087b2,Tier 1
002800000000000087b5,Tier 2
002800000000000087b6,Tier 1
002800000000000087b7,Tier 1
002800000000000087ba,Tier 2
002800000000000087bb,Tier 1
002800000000000087bd,Tier 1
002800000000000087be,Tier 2
002800000000000087bf,Tier 1
002800000000000087c0,Tier 1
002800000000000087c4,Tier 1
002800000000000087c5,Tier 1
002800000000000087c8,Tier 2
002800000000000087ca,Tier 1
002800000000000087d2,Tier 2
002800000000000087d3,Tier 1
002800000000000087d4,Tier 4
002800000000000087d7,Tier 2
002800000000000087d9,Tier 1
002800000000000087da,Tier 1
002800000000000087db,Tier 2
002800000000000087e2,Tier 2
002800000000000087e3,Tier 2
002800000000000087e4,Tier 2
002800000000000087ea,Tier 2
002800000000000087eb,Tier 2
002800000000000087ed,Tier 1
002800000000000087ee,Tier 1
002800000000000087ef,Tier 4
002800000000000087f3,Tier 1
002800000000000087f4,Tier 2
002800000000000087f5,Tier 2
002800000000000087f6,Tier 4
002800000000000087f7,Tier 2
002800000000000087f9,Tier 2
002800000000000087fd,Tier 2
00280000000000008801,Tier 2
00280000000000008806,Tier 1
0028000000000000880f,Tier 4
00280000000000008811,Tier 1
00280000000000008813,Tier 1
00280000000000008815,Tier 2
00280000000000008819,Tier 2
0028000000000000881a,Tier 2
0028000000000000881b,Tier 1
0028000000000000881c,Tier 2
0028000000000000881f,Tier 2
00280000000000008820,Tier 2
00280000000000008822,Tier 1
00280000000000008823,Tier 1
00280000000000008824,Tier 2
00280000000000008826,Tier 2
00280000000000008827,Tier 4
00280000000000008829,Tier 1
0028000000000000882a,Tier 1
0028000000000000882b,Tier 2
0028000000000000882c,Tier 2
00280000000000008832,Tier 4
00280000000000008837,Tier 2
0028000000000000883a,Tier 1
0028000000000000883b,Tier 2
0028000000000000883c,Tier 4
0028000000000000883d,Tier 2
00280000000000008840,Tier 4
00280000000000008841,Tier 1
00280000000000008842,Tier 2
00280000000000008844,Tier 4
00280000000000008845,Tier 4
00280000000000008846,Tier 2
00280000000000008847,Tier 2
00280000000000008849,Tier 4
0028000000000000884b,Tier 4
0028000000000000884a,Tier 4
0028000000000000884c,Tier 4
0028000000000000884d,Tier 1
0028000000000000884f,Tier 2
00280000000000008850,Tier 2
00280000000000008852,Tier 2
00280000000000008854,Tier 2
00280000000000008856,Tier 1
00280000000000008857,Tier 1
00280000000000008858,Tier 1
00280000000000008859,Tier 2
0028000000000000885a,Tier 2
0028000000000000885b,Tier 2
00280000000000008860,Tier 2
00280000000000008861,Tier 2
00280000000000008867,Tier 2
0028000000000000886a,Tier 2
0028000000000000886b,Tier 4
0028000000000000886e,Tier 2
00280000000000008870,Tier 4
00280000000000008872,Tier 1
00280000000000008874,Tier 2
00280000000000008878,Tier 1
0028000000000000887b,Tier 4
0028000000000000887e,Tier 1
00280000000000008883,Tier 1
00280000000000008884,Tier 4
00280000000000008886,Tier 2
00280000000000008888,Tier 2
00280000000000008889,Tier 4
0028000000000000888b,Tier 2
0028000000000000888e,Tier 2
0028000000000000888f,Tier 1
00280000000000008890,Tier 3
00280000000000008892,Tier 2
00280000000000008893,Tier 2
00280000000000008898,Tier 1
0028000000000000889a,Tier 2
0028000000000000889d,Tier 2
002800000000000088a4,Tier 4
002800000000000088a7,Tier 4
002800000000000088a8,Tier 4
002800000000000088aa,Tier 1
002800000000000088ab,Tier 1
002800000000000088ac,Tier 2
002800000000000088b1,Tier 2
002800000000000088b4,Tier 2
002800000000000088b8,Tier 2
002800000000000088bc,Tier 2
002800000000000088bd,Tier 4
002800000000000088be,Tier 4
002800000000000088bf,Tier 4
002800000000000088c1,Tier 1
002800000000000088c3,Tier 2
002800000000000088c4,Tier 4
002800000000000088c5,Tier 1
002800000000000088c8,Tier 4
002800000000000088ce,Tier 4
002800000000000088d0,Tier 2
002800000000000088d2,Tier 2
002800000000000088d4,Tier 4
002800000000000088d5,Tier 2
002800000000000088d6,Tier 2
002800000000000088dc,Tier 4
002800000000000088dd,Tier 1
002800000000000088e1,Tier 4
002800000000000088e2,Tier 2
002800000000000088e4,Tier 1
002800000000000088e6,Tier 1
002800000000000088ea,Tier 4
002800000000000088eb,Tier 2
002800000000000088ec,Tier 1
002800000000000088ed,Tier 2
002800000000000088ee,Tier 1
002800000000000088ef,Tier 2
002800000000000088f2,Tier 1
002800000000000088f3,Tier 1
002800000000000088f4,Tier 4
002800000000000088f5,Tier 4
002800000000000088f8,Tier 2
002800000000000088f9,Tier 1
002800000000000088fa,Tier 2
002800000000000088fc,Tier 2
002800000000000088fd,Tier 1
00280000000000008903,Tier 2
00280000000000008904,Tier 2
00280000000000008906,Tier 1
00280000000000008907,Tier 4
0028000000000000890a,Tier 1
0028000000000000890f,Tier 1
00280000000000008910,Tier 1
0028000000000000891a,Tier 2
0028000000000000891c,Tier 2
0028000000000000891e,Tier 2
00280000000000008922,Tier 2
00280000000000008923,Tier 2
00280000000000008925,Tier 2
00280000000000008927,Tier 2
0028000000000000892c,Tier 4
0028000000000000892e,Tier 2
0028000000000000892f,Tier 2
00280000000000008931,Tier 4
00280000000000008932,Tier 4
00280000000000008933,Tier 2
00280000000000008935,Tier 4
00280000000000008937,Tier 2
00280000000000008938,Tier 2
00280000000000008939,Tier 2
0028000000000000893d,Tier 2
0028000000000000893e,Tier 2
0028000000000000893f,Tier 2
00280000000000008942,Tier 2
00280000000000008943,Tier 2
00280000000000008944,Tier 2
00280000000000008945,Tier 2
00280000000000008948,Tier 2
0028000000000000894a,Tier 2
0028000000000000894d,Tier 2
0028000000000000894e,Tier 4
00280000000000008953,Tier 2
00280000000000008954,Tier 2
00280000000000008956,Tier 2
00280000000000008957,Tier 4
00280000000000008958,Tier 2
00280000000000008959,Tier 2
0028000000000000895a,Tier 2
0028000000000000895d,Tier 4
00280000000000008961,Tier 4
00280000000000008969,Tier 2
0028000000000000896a,Tier 4
0028000000000000896b,Tier 2
0028000000000000896d,Tier 2
0028000000000000896e,Tier 2
0028000000000000896f,Tier 2
00280000000000008970,Tier 2
00280000000000008971,Tier 2
00280000000000008972,Tier 2
00280000000000008974,Tier 4
0028000000000000897c,Tier 4
00280000000000008985,Tier 2
00280000000000008986,Tier 1
00280000000000008987,Tier 2
00280000000000008988,Tier 2
0028000000000000898a,Tier 4
00280000000000008990,Tier 2
00280000000000008992,Tier 2
00280000000000008993,Tier 2
00280000000000008994,Tier 2
00280000000000008995,Tier 2
00280000000000008997,Tier 4
00280000000000008998,Tier 2
00280000000000008999,Tier 2
0028000000000000899b,Tier 4
0028000000000000899c,Tier 2
0028000000000000899d,Tier 2
0028000000000000899e,Tier 1
0028000000000000899f,Tier 4
002800000000000089a0,Tier 2
002800000000000089a3,Tier 2
002800000000000089a5,Tier 2
002800000000000089a6,Tier 2
002800000000000089a7,Tier 2
002800000000000089a8,Tier 2
002800000000000089a9,Tier 2
002800000000000089ab,Tier 2
002800000000000089ac,Tier 2
002800000000000089b4,Tier 2
002800000000000089b9,Tier 2
002800000000000089be,Tier 2
002800000000000089c1,Tier 2
002800000000000089c2,Tier 2
002800000000000089c8,Tier 2
002800000000000089ca,Tier 4
002800000000000089cb,Tier 2
002800000000000089cc,Tier 2
002800000000000089cd,Tier 2
002800000000000089ce,Tier 2
002800000000000089cf,Tier 2
002800000000000089d0,Tier 2
002800000000000089d2,Tier 2
002800000000000089d3,Tier 2
002800000000000089d4,Tier 2
002800000000000089d5,Tier 2
002800000000000089d7,Tier 4
002800000000000089d9,Tier 4
002800000000000089da,Tier 2
002800000000000089db,Tier 2
002800000000000089dc,Tier 2
002800000000000089df,Tier 2
002800000000000089e0,Tier 2
002800000000000089e1,Tier 4
002800000000000089e3,Tier 2
002800000000000089e5,Tier 4
002800000000000089e6,Tier 2
002800000000000089ea,Tier 2
002800000000000089ed,Tier 2
002800000000000089ee,Tier 2
002800000000000089f0,Tier 2
002800000000000089f4,Tier 2
002800000000000089f5,Tier 2
002800000000000089f7,Tier 2
002800000000000089f8,Tier 2
00280000000000008a00,Tier 2
00280000000000008a01,Tier 2
00280000000000008a02,Tier 4
00280000000000008a03,Tier 2
00280000000000008a04,Tier 2
00280000000000008a05,Tier 2
00280000000000008a0b,Tier 4
00280000000000008a0d,Tier 2
00280000000000008a0f,Tier 2
00280000000000008a10,Tier 2
00280000000000008a11,Tier 2
00280000000000008a12,Tier 2
00280000000000008a13,Tier 2
00280000000000008a14,Tier 4
00280000000000008a17,Tier 2
00280000000000008a18,Tier 2
00280000000000008a19,Tier 4
00280000000000008a1d,Tier 4
00280000000000008a1e,Tier 2
00280000000000008a20,Tier 4
00280000000000008a21,Tier 4
00280000000000008a22,Tier 4
00280000000000008a24,Tier 4
00280000000000008a26,Tier 4
00280000000000008a28,Tier 4
00280000000000008a2a,Tier 2
00280000000000008a2b,Tier 4
00280000000000008a2f,Tier 2
00280000000000008a31,Tier 2
00280000000000008a32,Tier 2
00280000000000008a36,Tier 2
00280000000000008a37,Tier 2
00280000000000008a38,Tier 2
00280000000000008a39,Tier 4
00280000000000008a3a,Tier 4
00280000000000008a3e,Tier 2
00280000000000008a40,Tier 4
00280000000000008a43,Tier 4
00280000000000008a45,Tier 2
00280000000000008a46,Tier 4
00280000000000008a4a,Tier 4
00280000000000008a4b,Tier 1
00280000000000008a4e,Tier 2
00280000000000008a50,Tier 4
00280000000000008a51,Tier 4
00280000000000008a52,Tier 4
00280000000000008a53,Tier 2
00280000000000008a55,Tier 4
00280000000000008a57,Tier 2
00280000000000008a58,Tier 4
00280000000000008a59,Tier 4
00280000000000008a5a,Tier 4
00280000000000008a5b,Tier 2
00280000000000008a5d,Tier 2
00280000000000008a5f,Tier 2
00280000000000008a65,Tier 2
00280000000000008a67,Tier 2
00280000000000008a6a,Tier 2
00280000000000008a6d,Tier 2
00280000000000008a6e,Tier 4
00280000000000008a6f,Tier 2
00280000000000008a75,Tier 2
00280000000000008a76,Tier 4
00280000000000008a78,Tier 2
00280000000000008a79,Tier 2
00280000000000008a7a,Tier 2
00280000000000008a7c,Tier 2
00280000000000008a7d,Tier 2
00280000000000008a7f,Tier 2
00280000000000008a80,Tier 4
00280000000000008a81,Tier 4
00280000000000008a82,Tier 2
00280000000000008a83,Tier 2
00280000000000008a85,Tier 2
00280000000000008a86,Tier 4
00280000000000008a87,Tier 2
00280000000000008a88,Tier 4
00280000000000008a89,Tier 2
00280000000000008a8a,Tier 4
00280000000000008a8b,Tier 4
00280000000000008a8e,Tier 2
00280000000000008a8f,Tier 2
00280000000000008a90,Tier 4
00280000000000008a91,Tier 2
00280000000000008a92,Tier 4
00280000000000008a93,Tier 2
00280000000000008a96,Tier 2
00280000000000008a97,Tier 2
00280000000000008a98,Tier 2
00280000000000008a99,Tier 2
00280000000000008a9b,Tier 2
00280000000000008a9d,Tier 2
00280000000000008aa0,Tier 2
00280000000000008aa1,Tier 2
00280000000000008aa2,Tier 2
00280000000000008aa5,Tier 4
00280000000000008aa7,Tier 4
00280000000000008aa8,Tier 2
00280000000000008aa9,Tier 4
00280000000000008aaa,Tier 2
00280000000000008aab,Tier 4
00280000000000008aad,Tier 4
00280000000000008aaf,Tier 2
00280000000000008ab6,Tier 2
00280000000000008ab7,Tier 2
00280000000000008ab8,Tier 4
00280000000000008abb,Tier 4
00280000000000008abc,Tier 4
00280000000000008abe,Tier 2
00280000000000008ac0,Tier 2
00280000000000008ac1,Tier 2
00280000000000008ac2,Tier 4
00280000000000008ac6,Tier 2
00280000000000008ac7,Tier 2
00280000000000008ac8,Tier 2
00280000000000008aca,Tier 4
00280000000000008acb,Tier 2
00280000000000008acd,Tier 4
00280000000000008ace,Tier 2
00280000000000008acf,Tier 2
00280000000000008ad1,Tier 2
00280000000000008ad2,Tier 2
00280000000000008ad3,Tier 2
00280000000000008ad4,Tier 2
00280000000000008ad5,Tier 2
00280000000000008ad6,Tier 4
00280000000000008ad8,Tier 4
00280000000000008ada,Tier 4
00280000000000008adb,Tier 4
00280000000000008adc,Tier 2
00280000000000008adf,Tier 4
00280000000000008ae0,Tier 4
00280000000000008ae1,Tier 4
00280000000000008ae2,Tier 4
00280000000000008ae3,Tier 2
00280000000000008ae5,Tier 2
00280000000000008ae6,Tier 2
00280000000000008ae8,Tier 2
00280000000000008ae9,Tier 2
00280000000000008aea,Tier 2
00280000000000008aec,Tier 2
00280000000000008aee,Tier 2
00280000000000008af0,Tier 2
00280000000000008af1,Tier 2
00280000000000008af3,Tier 2
00280000000000008af4,Tier 2
00280000000000008af5,Tier 4
00280000000000008afa,Tier 2
00280000000000008afe,Tier 2
00280000000000008b00,Tier 2
00280000000000008b01,Tier 2
00280000000000008b02,Tier 4
00280000000000008b03,Tier 4
00280000000000008b04,Tier 2
00280000000000008b05,Tier 2
00280000000000008b09,Tier 4
00280000000000008b0a,Tier 2
00280000000000013b98,Tier 4
00280000000000013ba6,Tier 4
00280000000000013bb6,Tier 4
00280000000000013bb8,Tier 2
00280000000000013bbc,Tier 4
00280000000000013bbd,Tier 4
00280000000000013bc4,Tier 2
00280000000000013bc8,Tier 4
00280000000000013bc9,Tier 2
00280000000000013bd0,Tier 4
00280000000000013bd1,Tier 4
00280000000000013bd4,Tier 2
00280000000000013bdd,Tier 2
00280000000000013bde,Tier 4
00280000000000013be4,Tier 2
00280000000000013be5,Tier 2
00280000000000013bec,Tier 2
00280000000000013bf3,Tier 2
00280000000000013bf7,Tier 2
00280000000000013bfc,Tier 2
00280000000000013bfd,Tier 2
00280000000000013c06,Tier 4
00280000000000013c0d,Tier 2
00280000000000013c10,Tier 4
00280000000000013c15,Tier 4
00280000000000013c16,Tier 2
00280000000000013c17,Tier 4
00280000000000013c25,Tier 2
00280000000000013c29,Tier 4
00280000000000013c2a,Tier 2
00280000000000013c2b,Tier 2
00280000000000013c2c,Tier 2
00280000000000013c2e,Tier 2
00280000000000013c2f,Tier 2
00280000000000013c3c,Tier 2
00280000000000013c42,Tier 2
00280000000000013c46,Tier 4
00280000000000013c48,Tier 4
00280000000000013c4e,Tier 2
00280000000000013c4f,Tier 2
00280000000000013c56,Tier 4
00280000000000013c57,Tier 2
00280000000000013c5b,Tier 2
00280000000000013c65,Tier 2
00280000000000013c6b,Tier 4
00280000000000013c7c,Tier 2
00280000000000013c7d,Tier 2
00280000000000013c85,Tier 2
00280000000000013c86,Tier 4
00280000000000013c87,Tier 2
00280000000000013c94,Tier 4
00280000000000013c95,Tier 4
00280000000000013c97,Tier 4
00280000000000013c9a,Tier 4
00280000000000013c9d,Tier 4
00280000000000013c9e,Tier 2
00280000000000013ca3,Tier 2
00280000000000013ca5,Tier 2
00280000000000013cab,Tier 4
00280000000000013cae,Tier 4
00280000000000013cb2,Tier 2
00280000000000013cb3,Tier 2
00280000000000013cb5,Tier 2
00280000000000013cbd,Tier 2
00280000000000013cbf,Tier 1
00280000000000013cc8,Tier 4
00280000000000013cca,Tier 4
00280000000000013cce,Tier 4
00280000000000013cd7,Tier 4
00280000000000013cda,Tier 4
00280000000000013cdb,Tier 4
00280000000000013cdc,Tier 2
00280000000000013cde,Tier 2
00280000000000013cdf,Tier 2
00280000000000013ce1,Tier 4
00280000000000013ce7,Tier 4
00280000000000013cf2,Tier 1
00280000000000013cf9,Tier 2
00280000000000013cfa,Tier 4
00280000000000013d03,Tier 2
00280000000000013d06,Tier 2
00280000000000013d13,Tier 2
00280000000000013d16,Tier 2
00280000000000013d17,Tier 2
00280000000000013d1b,Tier 4
00280000000000013d1e,Tier 4
00280000000000013d28,Tier 2
00280000000000013d2a,Tier 2
00280000000000013d2d,Tier 2
00280000000000013d31,Tier 2
00280000000000013d32,Tier 4
00280000000000013d3d,Tier 2
00280000000000013d3f,Tier 2
00280000000000013d45,Tier 2
00280000000000013d47,Tier 2
00280000000000013d48,Tier 4
00280000000000013d4b,Tier 2
00280000000000013d51,Tier 4
00280000000000013d53,Tier 2
00280000000000013d5b,Tier 2
00280000000000013d5c,Tier 2
00280000000000013d60,Tier 4
00280000000000013d62,Tier 2
00280000000000013d65,Tier 4
00280000000000013d66,Tier 2
00280000000000013d6b,Tier 4
00280000000000013d71,Tier 2
00280000000000013d73,Tier 2
00280000000000013d74,Tier 4
00280000000000013d7a,Tier 4
00280000000000013d88,Tier 2
00280000000000013d8c,Tier 2
00280000000000013d8f,Tier 2
00280000000000013d94,Tier 4
00280000000000013d9c,Tier 4
00280000000000013d9f,Tier 4
00280000000000013da6,Tier 2
00280000000000013daa,Tier 4
00280000000000013db2,Tier 2
00280000000000013dbb,Tier 4
00280000000000013dbc,Tier 4
00280000000000013dbd,Tier 4
00280000000000013dc5,Tier 2
00280000000000013dcf,Tier 2
00280000000000013dd3,Tier 4
00280000000000013dd6,Tier 2
00280000000000013ddb,Tier 4
00280000000000013de3,Tier 4
00280000000000013de5,Tier 4
00280000000000013df5,Tier 4
00280000000000013dfc,Tier 4
00280000000000013dff,Tier 4
00280000000000013e02,Tier 2
00280000000000013e0c,Tier 2
00280000000000013e1d,Tier 2
00280000000000013e20,Tier 4
00280000000000013e21,Tier 2
00280000000000013e23,Tier 4
00280000000000013e24,Tier 4
00280000000000013e25,Tier 4
00280000000000013e29,Tier 2
00280000000000013e2c,Tier 2
00280000000000013e2f,Tier 2
00280000000000013e30,Tier 2
00280000000000013e33,Tier 4
00280000000000013e34,Tier 4
00280000000000013e39,Tier 2
00280000000000013e3e,Tier 2
00280000000000013e3f,Tier 2
00280000000000013e44,Tier 4
00280000000000013e48,Tier 4
00280000000000013e4d,Tier 2
00280000000000013e4e,Tier 2
00280000000000013e51,Tier 2
00280000000000013e64,Tier 2
00280000000000013e6b,Tier 2
00280000000000013e72,Tier 2
00280000000000013e78,Tier 2
00280000000000013e7b,Tier 2
00280000000000013e7c,Tier 2
00280000000000013e87,Tier 2
00280000000000013e8f,Tier 2
00280000000000013e95,Tier 2
00280000000000013e97,Tier 2
00280000000000013ea2,Tier 2
00280000000000013eb0,Tier 2
00280000000000013ebb,Tier 2
00280000000000013ec5,Tier 2
00280000000000013ec9,Tier 2
00280000000000013ecf,Tier 2
00280000000000013ed8,Tier 2
00280000000000013ed9,Tier 2
00280000000000013edb,Tier 2
00280000000000013edf,Tier 2
00280000000000013ee1,Tier 2
00280000000000013ee9,Tier 2
00280000000000013f07,Tier 2
00280000000000013f0f,Tier 2
00280000000000013f12,Tier 2
00280000000000013f14,Tier 4
00280000000000013f1f,Tier 2
00280000000000013f23,Tier 2
00280000000000013f29,Tier 2
00280000000000013f37,Tier 2
00280000000000013f3c,Tier 2
00280000000000013f44,Tier 2
00280000000000013f46,Tier 2
00280000000000013f4c,Tier 2
00280000000000013f4f,Tier 2
00280000000000013f51,Tier 2
00280000000000013f54,Tier 2
00280000000000013f78,Tier 2
00280000000000013f7e,Tier 2
00280000000000013f87,Tier 2
00280000000000013f92,Tier 2
00280000000000013fc4,Tier 2
00280000000000013fc8,Tier 2
00280000000000013fd5,Tier 2
00280000000000013fd8,Tier 2
00280000000000013fda,Tier 2
00280000000000013fdb,Tier 2
00280000000000013fdd,Tier 2
00280000000000013fe6,Tier 2
00280000000000013fea,Tier 2
00280000000000013ffc,Tier 2
00280000000000014000,Tier 2
00280000000000014012,Tier 2
00280000000000014013,Tier 4
0028000000000001401c,Tier 2
0028000000000001401f,Tier 4
0028000000000001402d,Tier 2
00280000000000014030,Tier 2
00280000000000014034,Tier 4
00280000000000014036,Tier 2
00280000000000014043,Tier 4
0028000000000001404b,Tier 4
0028000000000001404d,Tier 4
0028000000000001404e,Tier 4
0028000000000001404f,Tier 4
0028000000000001405d,Tier 2
0028000000000001405f,Tier 2
00280000000000014063,Tier 2
0028000000000001406c,Tier 4
00280000000000014078,Tier 4
0028000000000001407a,Tier 4
00280000000000014084,Tier 4
0028000000000001408a,Tier 4
00280000000000014092,Tier 2
0028000000000001409b,Tier 4
002800000000000140a1,Tier 2
002800000000000140a2,Tier 2
002800000000000140a3,Tier 2
002800000000000140ac,Tier 2
002800000000000140af,Tier 2
002800000000000140cf,Tier 2
002800000000000140d4,Tier 2
002800000000000140d5,Tier 2
002800000000000140e7,Tier 4
002800000000000140eb,Tier 4
002800000000000140f1,Tier 4
002800000000000140f4,Tier 2
002800000000000140f6,Tier 2
00280000000000014105,Tier 4
00280000000000014115,Tier 4
00280000000000014122,Tier 4
0028000000000001412d,Tier 2
00280000000000014130,Tier 2
00280000000000014135,Tier 4
0028000000000001413e,Tier 4
0028000000000001414b,Tier 4
0028000000000001414c,Tier 4
0028000000000001414e,Tier 1
00280000000000014151,Tier 4
0028000000000001416b,Tier 4
00280000000000014172,Tier 2
00280000000000014186,Tier 2
00280000000000014197,Tier 2
002800000000000141a8,Tier 2
002800000000000141ac,Tier 2
002800000000000141b4,Tier 4
002800000000000141c7,Tier 2
002800000000000141c9,Tier 4
002800000000000141ca,Tier 4
002800000000000141d7,Tier 2
002800000000000141f3,Tier 2
002800000000000141f4,Tier 1
002800000000000141f6,Tier 2
002800000000000141fc,Tier 2
00280000000000014200,Tier 4
00280000000000014213,Tier 4